Accession,Organism_Name,SRA_Accession,Submitters,Organization,Org_location,Release_Date,Pangolin,PangoVersions,Random_Sampling,Isolate,Species,Genus,Family,Molecule_type,Length,Sequence_Type,Nuc_Completeness,Genotype,Segment,Publications,Geo_Location,Country,USA,Host,Isolation_Source,Collection_Date,BioSample,BioProject
PP522355,Severe acute respiratory syndrome coronavirus 2,,"Wilkinson,E., Giovanetti,M., Tegally,H., San,J.E., Lessells,R., Cuadros,D., Martin,D.P., Rasmussen,D.A., Zekri,A.N., Sangare,A.K., Ouedraogo,A.S., Sesay,A.K., Priscilla,A., Kemi,A.S., Olubusuyi,A.M., Oluwapelumi,A.O.O., Hammami,A., Amuri,A.A., Sayed,A., Ouma,A.E.O., Elargoubi,A., Ajayi,N.A., Victoria,A.F., Kazeem,A., George,A., Trotter,A.J., Yahaya,A.A., Keita,A.K., Diallo,A., Kone,A., Souissi,A., Chtourou,A., Gutierrez,A.V., Page,A.J., Vinze,A., Iranzadeh,A., Lambisia,A., Ismail,A., Rosemary,A., Sylverken,A., Femi,A., Ibrahimi,A., Marycelin,B., Oderinde,B.S., Bolajoko,B., Dhaala,B., Herring,B.L., Njanpop-Lafourcade,B.M., Kleinhans,B., McInnis,B., Tegomoh,B., Brook,C., Pratt,C.B., Scheepers,C., Akoua-Koffi,C.G., Agoti,C.N., Peyrefitte,C., Daubenberger,C., Morang'a,C.M., Nokes,D.J., Amoako,D.G., Bugembe,D.L., Park,D., Baker,D., Doolabh,D., Ssemwanga,D., Tshiabuila,D., Bassirou,D., Amuzu,D.S.Y., Goedhals,D., Omuoyo,D.O., Maruapula,D., Foster-Nyarko,E., Lusamaki,E.K., Simulundu,E., Ong'era,E.M., Ngabana,E.N., Shumba,E., El Fahime,E., Lokilo,E., Mukantwari,E., Philomena,E., Belarbi,E., Simon-Loriere,E., Anoh,E.A., Leendertz,F., Ajili,F., Enoch,F.O., Wasfi,F., Abdelmoula,F., Mosha,F.S., Takawira,F.T., Derrar,F., Bouzid,F., Onikepe,F., Adeola,F., Muyembe,F.M., Tanser,F., Dratibi,F.A., Mbunsu,G.K., Thilliez,G., Kay,G.L., Githinji,G., van Zyl,G., Awandare,G.A., Schubert,G., Maphalala,G.P., Ranaivoson,H.C., Lemriss,H., Anise,H., Abe,H., Karray,H.H., Nansumba,H., Elgahzaly,H.A., Gumbo,H., Smeti,I., Ayed,I.B., Odia,I., Ben Boubaker,I.B., Gaaloul,I., Gazy,I., Mudau,I., Ssewanyana,I., Konstantinus,I., Lekana-Douk,J.B., Makangara,J.C., Tamfum,J.M., Heraud,J.M., Shaffer,J.G., Giandhari,J., Li,J., Yasuda,J., Mends,J.Q., Kiconco,J., Morobe,J.M., Gyapong,J.O., Okolie,J.C., Kayiwa,J.T., Edwards,J.A., Gyamfi,J., Farah,J., Nakaseegu,J., Ngoi,J.M., Namulondo,J., Andeko,J.C., Lutwama,J.J., O'Grady,J., Siddle,K., Adeyemi,K.T., Tumedi,K.A., Said,K.M., Hae-Young,K., Duedu,K.O., Belyamani,L., Fki-Berrajah,L., Singh,L., Martins,L.O., Tyers,L., Ramuth,M., Mastouri,M., Aouni,M., El Hefnawi,M., Matsheka,M.I., Kebabonye,M., Diop,M., Turki,M., Paye,M., Nyaga,M.M., Mareka,M., Damaris,M.M., Mburu,M.W., Mpina,M., Nwando,M., Owusu,M., Wiley,M.R., Youtchou,M.T., Ayekaba,M.O., Abouelhoda,M., Seadawy,M.G., Khalifa,M.K., Sekhele,M., Ouadghiri,M., Diagne,M.M., Mwenda,M., Allam,M., Phan,M.V.T., Abid,N., Touil,N., Rujeni,N., Kharrat,N., Ismael,N., Dia,N., Mabunda,N., Hsiao,N.Y., Silochi,N.B., Nsenga,N., Gumede,N., Mulder,N., Ndodo,N., Razanajatovo,N.H., Iguosadolo,N., Judith,O., Kingsley,O.C., Sylvanus,O., Peter,O., Femi,O., Idowu,O., Testimony,O., Chukwuma,O.E., Ogah,O.E., Onwuamah,C.K., Cyril,O., Faye,O., Tomori,O., Ondoa,P., Combe,P., Semanda,P., Oluniyi,P.E., Arnaldo,P., Quashie,P.K., Dussart,P., Bester,P.A., Mbala,P.K., Ayivor-Djanie,R., Njouom,R., Phillips,R.O., Gorman,R., Kingsley,R.A., Carr,R.A.A., El Kabbaj,S., Gargouri,S., Masmoudi,S., Sankhe,S., Lawal,S.B., Kassim,S., Trabelsi,S., Metha,S., Kammoun,S., Lemriss,S., Agwa,S.H.A., Calvignac-Spencer,S., Schaffner,S.F., Doumbia,S., Mandanda,S.M., Aryeetey,S., Ahmed,S.S., Elhamoumi,S., Andriamandimby,S., Tope,S., Lekana-Douki,S., Prosolek,S., Ouangraoua,S., Mundeke,S.A., Rudder,S., Panji,S., Pillay,S., Engelbrecht,S., Nabadda,S., Behillil,S., Budiaki,S.L., van der Werf,S., Mashe,T., Aanniz,T., Mohale,T., Le-Viet,T., Schindler,T., Anyaneji,U.J., Chinedu,U., Ramphal,U., Jessica,U., George,U., Fonseca,V., Enouf,V., Gorova,V., Roshdy,W.H., Ampofo,W.K., Preiser,W., Choga,W.T., Bediako,Y., Naidoo,Y., Butera,Y., de Laurent,Z.R., Sall,A.A., Rebai,A., von Gottberg,A., Kouriba,B., Williamson,C., Bridges,D.J., Chikwe,I., Bhiman,J.N., Mine,M., Cotten,M., Moyo,S., Gaseitsiwe,S., Saasa,N., Sabeti,P.C., Kaleebu,P., Tebeje,Y.K., Tessema,S.K., Happi,C., Nkengasong,J., de Oliveira,T., Galvao,B., Hsiao,M., Marais,K., Hardie,D., Korsman,S., Joseph,R.","University of Cape Town, Department of Integrative Biomedical Sciences, Computational Biology Division",South Africa,2024-03-22,B.1.1.529,4.3.1/1.26/v0.1.12/0.3.19/0.6.2,,NHLS-UCT-GP-T168,Severe acute respiratory syndrome-related coronavirus,Betacoronavirus,Coronaviridae,ssRNA(+),29787,GenBank,complete,,,1,South Africa,South Africa,,Homo sapiens,,2022-02-15,,
OR887433,Severe acute respiratory syndrome coronavirus 2,,"Powers,J.M., Leist,S.R., Mallory,M.L., Yount,B.L., Gully,K.L., Zweigart,M.R., Bailey,A.B., Sheahan,T.P., Harkema,J.R., Baric,R.S.","University of North Carolina at Chapel Hill, Epidemiology",USA,2024-01-22,B.1.1.529,4.3.1/1.26/v0.1.12/0.3.19/0.6.2,,,Severe acute respiratory syndrome-related coronavirus,Betacoronavirus,Coronaviridae,ssRNA(+),29867,GenBank,complete,,,1,,,,,,2023-11-19,,
OR887434,Severe acute respiratory syndrome coronavirus 2,,"Powers,J.M., Leist,S.R., Mallory,M.L., Yount,B.L., Gully,K.L., Zweigart,M.R., Bailey,A.B., Sheahan,T.P., Harkema,J.R., Baric,R.S.","University of North Carolina at Chapel Hill, Epidemiology",USA,2024-01-22,B.1.1.529,4.3.1/1.26/v0.1.12/0.3.19/0.6.2,,,Severe acute respiratory syndrome-related coronavirus,Betacoronavirus,Coronaviridae,ssRNA(+),30104,GenBank,complete,,,1,,,,,,2023-11-19,,
OR887435,Severe acute respiratory syndrome coronavirus 2,,"Powers,J.M., Leist,S.R., Mallory,M.L., Yount,B.L., Gully,K.L., Zweigart,M.R., Bailey,A.B., Sheahan,T.P., Harkema,J.R., Baric,R.S.","University of North Carolina at Chapel Hill, Epidemiology",USA,2024-01-22,B.1.1.529,4.3.1/1.26/v0.1.12/0.3.19/0.6.2,,,Severe acute respiratory syndrome-related coronavirus,Betacoronavirus,Coronaviridae,ssRNA(+),29870,GenBank,complete,,,1,,,,,,2023-11-19,,
OR887436,Severe acute respiratory syndrome coronavirus 2,,"Powers,J.M., Leist,S.R., Mallory,M.L., Yount,B.L., Gully,K.L., Zweigart,M.R., Bailey,A.B., Sheahan,T.P., Harkema,J.R., Baric,R.S.","University of North Carolina at Chapel Hill, Epidemiology",USA,2024-01-22,B.1.1.529,4.3.1/1.26/v0.1.12/0.3.19/0.6.2,,,Severe acute respiratory syndrome-related coronavirus,Betacoronavirus,Coronaviridae,ssRNA(+),30107,GenBank,complete,,,1,,,,,,2023-11-19,,
OR887437,Severe acute respiratory syndrome coronavirus 2,,"Powers,J.M., Leist,S.R., Mallory,M.L., Yount,B.L., Gully,K.L., Zweigart,M.R., Bailey,A.B., Sheahan,T.P., Harkema,J.R., Baric,R.S.","University of North Carolina at Chapel Hill, Epidemiology",USA,2024-01-22,B.1.1.529,4.3.1/1.26/v0.1.12/0.3.19/0.6.2,,,Severe acute respiratory syndrome-related coronavirus,Betacoronavirus,Coronaviridae,ssRNA(+),29870,GenBank,complete,,,1,,,,,,2023-11-19,,
OR887438,Severe acute respiratory syndrome coronavirus 2,,"Powers,J.M., Leist,S.R., Mallory,M.L., Yount,B.L., Gully,K.L., Zweigart,M.R., Bailey,A.B., Sheahan,T.P., Harkema,J.R., Baric,R.S.","University of North Carolina at Chapel Hill, Epidemiology",USA,2024-01-22,B.1.1.529,4.3.1/1.26/v0.1.12/0.3.19/0.6.2,,,Severe acute respiratory syndrome-related coronavirus,Betacoronavirus,Coronaviridae,ssRNA(+),30107,GenBank,complete,,,1,,,,,,2023-11-19,,
OY975765,Severe acute respiratory syndrome coronavirus 2,,,"Northumbria University, Newcastle upon Tyne, NE1 8SB, UK / The James Cook University Hospital, Middlesbrough TS4 3BW / Cumberland Infirmary, Newtown Road, Carlisle, Cumbria, CA2 7HY / University Hospital of North Tees, Hardwick Road, Stockton on Tees, Cleveland, TS19 8PE / The Newcastle upon Tyne Hospitals NHS Foundation Trust, Freeman Hospital, Freeman Road, High Heaton, Newcastle upon Tyne Ne7 7Dn",,2023-12-14,B.1.1.529,4.3.1/1.26/v0.1.12/0.3.19/0.6.2,,,Severe acute respiratory syndrome-related coronavirus,Betacoronavirus,Coronaviridae,ssRNA(+),29891,GenBank,complete,,,,United Kingdom:England,United Kingdom,,Homo sapiens,,2021-12-12,SAMEA14012785,PRJEB37886
OY917923,Severe acute respiratory syndrome coronavirus 2,,,"Northumbria University, Newcastle upon Tyne, NE1 8SB, UK / The James Cook University Hospital, Middlesbrough TS4 3BW / Cumberland Infirmary, Newtown Road, Carlisle, Cumbria, CA2 7HY / University Hospital of North Tees, Hardwick Road, Stockton on Tees, Cleveland, TS19 8PE / The Newcastle upon Tyne Hospitals NHS Foundation Trust, Freeman Hospital, Freeman Road, High Heaton, Newcastle upon Tyne Ne7 7Dn",,2023-12-09,B.1.1.529,4.3.1/1.26/v0.1.12/0.3.19/0.6.2,,,Severe acute respiratory syndrome-related coronavirus,Betacoronavirus,Coronaviridae,ssRNA(+),29890,GenBank,complete,,,,United Kingdom:England,United Kingdom,,Homo sapiens,,2022-02-06,SAMEA13983866,PRJEB37886
OY922794,Severe acute respiratory syndrome coronavirus 2,ERR8231685,,"Northumbria University, Newcastle upon Tyne, NE1 8SB, UK / The James Cook University Hospital, Middlesbrough TS4 3BW / Cumberland Infirmary, Newtown Road, Carlisle, Cumbria, CA2 7HY / University Hospital of North Tees, Hardwick Road, Stockton on Tees, Cleveland, TS19 8PE / The Newcastle upon Tyne Hospitals NHS Foundation Trust, Freeman Hospital, Freeman Road, High Heaton, Newcastle upon Tyne Ne7 7Dn",,2023-12-09,B.1.1.529,4.3.1/1.26/v0.1.12/0.3.19/0.6.2,,,Severe acute respiratory syndrome-related coronavirus,Betacoronavirus,Coronaviridae,ssRNA(+),29912,GenBank,complete,,,,United Kingdom:England,United Kingdom,,Homo sapiens,,2021-12-17,SAMEA12706889,PRJEB37886
OY929124,Severe acute respiratory syndrome coronavirus 2,,,"Northumbria University, Newcastle upon Tyne, NE1 8SB, UK / The James Cook University Hospital, Middlesbrough TS4 3BW / Cumberland Infirmary, Newtown Road, Carlisle, Cumbria, CA2 7HY / University Hospital of North Tees, Hardwick Road, Stockton on Tees, Cleveland, TS19 8PE / The Newcastle upon Tyne Hospitals NHS Foundation Trust, Freeman Hospital, Freeman Road, High Heaton, Newcastle upon Tyne Ne7 7Dn",,2023-12-09,B.1.1.529,4.3.1/1.26/v0.1.12/0.3.19/0.6.2,,,Severe acute respiratory syndrome-related coronavirus,Betacoronavirus,Coronaviridae,ssRNA(+),29881,GenBank,complete,,,,United Kingdom:England,United Kingdom,,Homo sapiens,,2022-02-13,SAMEA13968298,PRJEB37886
OY932377,Severe acute respiratory syndrome coronavirus 2,ERR8206011,,"Northumbria University, Newcastle upon Tyne, NE1 8SB, UK / The James Cook University Hospital, Middlesbrough TS4 3BW / Cumberland Infirmary, Newtown Road, Carlisle, Cumbria, CA2 7HY / University Hospital of North Tees, Hardwick Road, Stockton on Tees, Cleveland, TS19 8PE / The Newcastle upon Tyne Hospitals NHS Foundation Trust, Freeman Hospital, Freeman Road, High Heaton, Newcastle upon Tyne Ne7 7Dn",,2023-12-09,B.1.1.529,4.3.1/1.26/v0.1.12/0.3.19/0.6.2,,,Severe acute respiratory syndrome-related coronavirus,Betacoronavirus,Coronaviridae,ssRNA(+),29903,GenBank,complete,,,,United Kingdom:England,United Kingdom,,Homo sapiens,,2021-12-26,SAMEA12681470,PRJEB37886
OY941572,Severe acute respiratory syndrome coronavirus 2,ERR8198646,,"61 Colindale Avenue, London, NW9 5EQ",United Kingdom,2023-12-09,B.1.1.529,4.3.1/1.26/v0.1.12/0.3.19/0.6.2,,,Severe acute respiratory syndrome-related coronavirus,Betacoronavirus,Coronaviridae,ssRNA(+),29885,GenBank,complete,,,,United Kingdom:England,United Kingdom,,Homo sapiens,,2021-12-20,SAMEA12673704,PRJEB37886
OY942621,Severe acute respiratory syndrome coronavirus 2,ERR8230226,,"61 Colindale Avenue, London, NW9 5EQ",United Kingdom,2023-12-09,B.1.1.529,4.3.1/1.26/v0.1.12/0.3.19/0.6.2,,,Severe acute respiratory syndrome-related coronavirus,Betacoronavirus,Coronaviridae,ssRNA(+),29885,GenBank,complete,,,,United Kingdom:England,United Kingdom,,Homo sapiens,,2021-12-20,SAMEA12705396,PRJEB37886
OY966514,Severe acute respiratory syndrome coronavirus 2,,,"Quadram Institute Bioscience, Norwich Research Park Norwich Nr4 7Uq",,2023-12-09,B.1.1.529,4.3.1/1.26/v0.1.12/0.3.19/0.6.2,,,Severe acute respiratory syndrome-related coronavirus,Betacoronavirus,Coronaviridae,ssRNA(+),29903,GenBank,complete,,,,United Kingdom:England,United Kingdom,,Homo sapiens,,2022-01-03,SAMEA13969302,PRJEB37886
OY968344,Severe acute respiratory syndrome coronavirus 2,ERR8181149,,"61 Colindale Avenue, London, NW9 5EQ",United Kingdom,2023-12-09,B.1.1.529,4.3.1/1.26/v0.1.12/0.3.19/0.6.2,,,Severe acute respiratory syndrome-related coronavirus,Betacoronavirus,Coronaviridae,ssRNA(+),29885,GenBank,complete,,,,United Kingdom:England,United Kingdom,,Homo sapiens,,2021-12-20,SAMEA12655720,PRJEB37886
OY909793,Severe acute respiratory syndrome coronavirus 2,ERR8253727,,"Northumbria University, Newcastle upon Tyne, NE1 8SB, UK / The James Cook University Hospital, Middlesbrough TS4 3BW / Cumberland Infirmary, Newtown Road, Carlisle, Cumbria, CA2 7HY / University Hospital of North Tees, Hardwick Road, Stockton on Tees, Cleveland, TS19 8PE / The Newcastle upon Tyne Hospitals NHS Foundation Trust, Freeman Hospital, Freeman Road, High Heaton, Newcastle upon Tyne Ne7 7Dn",,2023-12-07,B.1.1.529,4.3.1/1.26/v0.1.12/0.3.19/0.6.2,,,Severe acute respiratory syndrome-related coronavirus,Betacoronavirus,Coronaviridae,ssRNA(+),29912,GenBank,complete,,,,United Kingdom:England,United Kingdom,,Homo sapiens,,2020,SAMEA12729524,PRJEB37886
OY889008,Severe acute respiratory syndrome coronavirus 2,ERR8246141,,"Northumbria University, Newcastle upon Tyne, NE1 8SB, UK / The James Cook University Hospital, Middlesbrough TS4 3BW / Cumberland Infirmary, Newtown Road, Carlisle, Cumbria, CA2 7HY / University Hospital of North Tees, Hardwick Road, Stockton on Tees, Cleveland, TS19 8PE / The Newcastle upon Tyne Hospitals NHS Foundation Trust, Freeman Hospital, Freeman Road, High Heaton, Newcastle upon Tyne Ne7 7Dn",,2023-12-06,B.1.1.529,4.3.1/1.26/v0.1.12/0.3.19/0.6.2,,,Severe acute respiratory syndrome-related coronavirus,Betacoronavirus,Coronaviridae,ssRNA(+),29895,GenBank,complete,,,,United Kingdom:England,United Kingdom,,Homo sapiens,,2021-12-26,SAMEA12721704,PRJEB37886
OY891845,Severe acute respiratory syndrome coronavirus 2,,,"Northumbria University, Newcastle upon Tyne, NE1 8SB, UK / The James Cook University Hospital, Middlesbrough TS4 3BW / Cumberland Infirmary, Newtown Road, Carlisle, Cumbria, CA2 7HY / University Hospital of North Tees, Hardwick Road, Stockton on Tees, Cleveland, TS19 8PE / The Newcastle upon Tyne Hospitals NHS Foundation Trust, Freeman Hospital, Freeman Road, High Heaton, Newcastle upon Tyne Ne7 7Dn",,2023-12-06,B.1.1.529,4.3.1/1.26/v0.1.12/0.3.19/0.6.2,,,Severe acute respiratory syndrome-related coronavirus,Betacoronavirus,Coronaviridae,ssRNA(+),29899,GenBank,complete,,,,United Kingdom:England,United Kingdom,,Homo sapiens,,2022-03-12,SAMEA13987693,PRJEB37886
OR729868,Severe acute respiratory syndrome coronavirus 2,,"Kawser,Z., Westeel,E., Rahman,M.S., Habib,M.T., Hossain,M., Bulbul,R.H., Mukta,S.A., Islam,Z., Hossain,M.Z., Afrad,M.H., Shirin,T., Ahmed,M.S., Berland,J.-L., Komurian-Pradel,F., Qadri,F., Berland,J.L., Florence,K.P.","Institute for developing Science and Health initiatives, ideSHi, Genomics and Bioinformatics",Bangladesh,2023-10-26,B.1.1.529,4.3.1/1.26/v0.1.12/0.3.19/0.6.2,,B_210311_183.fasta,Severe acute respiratory syndrome-related coronavirus,Betacoronavirus,Coronaviridae,ssRNA(+),29794,GenBank,complete,,,,Bangladesh: Chattogram,Bangladesh,,Homo sapiens,oronasopharynx,2021-03-11,,
OR725981,Severe acute respiratory syndrome coronavirus 2,,"Gad,A.F., Seadawy,M.G., Hanaa,H.A., Mervet,G.H., Mohamed,M.A.","Egypt Army, Main Laboratories Of chemical warfare",Egypt,2023-10-24,B.1.1.529,4.3.1/1.26/v0.1.12/0.3.19/0.6.2,,Omicron Vaccine passage 1,Severe acute respiratory syndrome-related coronavirus,Betacoronavirus,Coronaviridae,ssRNA(+),29876,GenBank,complete,,,,Egypt,Egypt,,Homo sapiens,,2022-10-01,,
OR725982,Severe acute respiratory syndrome coronavirus 2,,"Gad,A.F., Seadawy,M.G., Hanaa,H.A., Mervet,G.H., Mohamed,M.A.","Egypt Army, Main Laboratories Of chemical warfare",Egypt,2023-10-24,B.1.1.529,4.3.1/1.26/v0.1.12/0.3.19/0.6.2,,Omicron Vaccine passage 5,Severe acute respiratory syndrome-related coronavirus,Betacoronavirus,Coronaviridae,ssRNA(+),29876,GenBank,complete,,,,Egypt,Egypt,,Homo sapiens,,2022-10-15,,
OR725983,Severe acute respiratory syndrome coronavirus 2,,"Gad,A.F., Seadawy,M.G., Hanaa,H.A., Mervet,G.H., Mohamed,M.A.","Egypt Army, Main Laboratories Of chemical warfare",Egypt,2023-10-24,B.1.1.529,4.3.1/1.26/v0.1.12/0.3.19/0.6.2,,Omicron Vaccine passage 10,Severe acute respiratory syndrome-related coronavirus,Betacoronavirus,Coronaviridae,ssRNA(+),29876,GenBank,complete,,,,Egypt,Egypt,,Homo sapiens,,2022-10-29,,
OR717328,Severe acute respiratory syndrome coronavirus 2,,"Gad,A.F., Seadawy,M.G., Hanaa,H.A., Mervet,G.H., Mohamed,M.A.","Egypt Army, Main Laboratories Of chemical warfare",Egypt,2023-10-23,B.1.1.529,4.3.1/1.26/v0.1.12/0.3.19/0.6.2,,Egy-BA.5.2Vac001-Passage10,Severe acute respiratory syndrome-related coronavirus,Betacoronavirus,Coronaviridae,ssRNA(+),29876,GenBank,complete,,,,Egypt,Egypt,,Homo sapiens,oronasopharynx,2022-10-15,,
OR647515,Severe acute respiratory syndrome coronavirus 2,,"Tambe,L.A.M., Mathobo,P., Matume,N.D., Munzhedzi,M., Edokpayi,J.N., Viraragavan,A., Glanzmann,B., Tebit,D.M., Mavhandu-Ramarumo,L.G., Street,R., Johnson,R., Kinnear,C., Bessong,P.O.","University of Venda, HIV/AIDS & Global Health Research Programme, and Department of Microbiology",South Africa,2023-10-08,B.1.1.529,4.3.1/1.26/v0.1.12/0.3.19/0.6.2,,TZ01W50I_21__2019-nCoV,Severe acute respiratory syndrome-related coronavirus,Betacoronavirus,Coronaviridae,ssRNA(+),29769,GenBank,complete,,,,"South Africa: Limpopo, Tzaneen",South Africa,,,,2021-12-13,,
OR626633,Severe acute respiratory syndrome coronavirus 2,,"Cardia Caserta,L., Diel,D.G., Martins,M., Nooruzzaman,M.","Cornell University, Population Medicine and Diagnostic Sciences",USA,2023-10-03,B.1.1.529,4.3.1/1.26/v0.1.12/0.3.19/0.6.2,,rWA1-Omi-S,Severe acute respiratory syndrome-related coronavirus,Betacoronavirus,Coronaviridae,ssRNA(+),29721,GenBank,complete,,,,USA,USA,,,,2022,,
OY622313,Severe acute respiratory syndrome coronavirus 2,,,"Yourgene Health, Citylabs 1.0, Nelson Street, Manchester, M13 9NQ",,2023-08-09,B.1.1.529,4.3.1/1.26/v0.1.12/0.3.19/0.6.2,,,Severe acute respiratory syndrome-related coronavirus,Betacoronavirus,Coronaviridae,ssRNA(+),29774,GenBank,complete,,,,United Kingdom:England,United Kingdom,,Homo sapiens,,2022-01-17,SAMEA113317444,PRJEB37886
OY623760,Severe acute respiratory syndrome coronavirus 2,,,"Suite 2, The Newnham Building, Chesterford Research Park, CB10 1XL",,2023-08-09,B.1.1.529,4.3.1/1.26/v0.1.12/0.3.19/0.6.2,,,Severe acute respiratory syndrome-related coronavirus,Betacoronavirus,Coronaviridae,ssRNA(+),29778,GenBank,complete,,,,United Kingdom:England,United Kingdom,,Homo sapiens,,2021-12-20,SAMEA113316137,PRJEB37886
OY624026,Severe acute respiratory syndrome coronavirus 2,,,"Yourgene Health, Citylabs 1.0, Nelson Street, Manchester, M13 9NQ",,2023-08-09,B.1.1.529,4.3.1/1.26/v0.1.12/0.3.19/0.6.2,,,Severe acute respiratory syndrome-related coronavirus,Betacoronavirus,Coronaviridae,ssRNA(+),29766,GenBank,complete,,,,United Kingdom:England,United Kingdom,,Homo sapiens,,2022-02-03,SAMEA113314953,PRJEB37886
OY624534,Severe acute respiratory syndrome coronavirus 2,,,"Yourgene Health, Citylabs 1.0, Nelson Street, Manchester, M13 9NQ",,2023-08-09,B.1.1.529,4.3.1/1.26/v0.1.12/0.3.19/0.6.2,,,Severe acute respiratory syndrome-related coronavirus,Betacoronavirus,Coronaviridae,ssRNA(+),29814,GenBank,complete,,,,United Kingdom:England,United Kingdom,,Homo sapiens,,2022-02-05,SAMEA113316565,PRJEB37886
OY624851,Severe acute respiratory syndrome coronavirus 2,,,"Suite 2, The Newnham Building, Chesterford Research Park, CB10 1XL",,2023-08-09,B.1.1.529,4.3.1/1.26/v0.1.12/0.3.19/0.6.2,,,Severe acute respiratory syndrome-related coronavirus,Betacoronavirus,Coronaviridae,ssRNA(+),29737,GenBank,complete,,,,United Kingdom:England,United Kingdom,,Homo sapiens,,2022-01-31,SAMEA113316641,PRJEB37886
OY625982,Severe acute respiratory syndrome coronavirus 2,,,"Yourgene Health, Citylabs 1.0, Nelson Street, Manchester, M13 9NQ",,2023-08-09,B.1.1.529,4.3.1/1.26/v0.1.12/0.3.19/0.6.2,,,Severe acute respiratory syndrome-related coronavirus,Betacoronavirus,Coronaviridae,ssRNA(+),29773,GenBank,complete,,,,United Kingdom:England,United Kingdom,,Homo sapiens,,2021-12-21,SAMEA113315471,PRJEB37886
OY626169,Severe acute respiratory syndrome coronavirus 2,,,"Yourgene Health, Citylabs 1.0, Nelson Street, Manchester, M13 9NQ",,2023-08-09,B.1.1.529,4.3.1/1.26/v0.1.12/0.3.19/0.6.2,,,Severe acute respiratory syndrome-related coronavirus,Betacoronavirus,Coronaviridae,ssRNA(+),29774,GenBank,complete,,,,United Kingdom:England,United Kingdom,,Homo sapiens,,2022-02-05,SAMEA113315718,PRJEB37886
OY626693,Severe acute respiratory syndrome coronavirus 2,,,"Yourgene Health, Citylabs 1.0, Nelson Street, Manchester, M13 9NQ",,2023-08-09,B.1.1.529,4.3.1/1.26/v0.1.12/0.3.19/0.6.2,,,Severe acute respiratory syndrome-related coronavirus,Betacoronavirus,Coronaviridae,ssRNA(+),29774,GenBank,complete,,,,United Kingdom:England,United Kingdom,,Homo sapiens,,2022-02-05,SAMEA113319120,PRJEB37886
OY626851,Severe acute respiratory syndrome coronavirus 2,,,"Yourgene Health, Citylabs 1.0, Nelson Street, Manchester, M13 9NQ",,2023-08-09,B.1.1.529,4.3.1/1.26/v0.1.12/0.3.19/0.6.2,,,Severe acute respiratory syndrome-related coronavirus,Betacoronavirus,Coronaviridae,ssRNA(+),29773,GenBank,complete,,,,United Kingdom:England,United Kingdom,,Homo sapiens,,2022-02-05,SAMEA113320928,PRJEB37886
OY627239,Severe acute respiratory syndrome coronavirus 2,,,"Yourgene Health, Citylabs 1.0, Nelson Street, Manchester, M13 9NQ",,2023-08-09,B.1.1.529,4.3.1/1.26/v0.1.12/0.3.19/0.6.2,,,Severe acute respiratory syndrome-related coronavirus,Betacoronavirus,Coronaviridae,ssRNA(+),29622,GenBank,complete,,,,United Kingdom:England,United Kingdom,,Homo sapiens,,2022-02-05,SAMEA113317774,PRJEB37886
OY627422,Severe acute respiratory syndrome coronavirus 2,,,"Yourgene Health, Citylabs 1.0, Nelson Street, Manchester, M13 9NQ",,2023-08-09,B.1.1.529,4.3.1/1.26/v0.1.12/0.3.19/0.6.2,,,Severe acute respiratory syndrome-related coronavirus,Betacoronavirus,Coronaviridae,ssRNA(+),29776,GenBank,complete,,,,United Kingdom:England,United Kingdom,,Homo sapiens,,2022-01-11,SAMEA113318134,PRJEB37886
OY627815,Severe acute respiratory syndrome coronavirus 2,,,"Yourgene Health, Citylabs 1.0, Nelson Street, Manchester, M13 9NQ",,2023-08-09,B.1.1.529,4.3.1/1.26/v0.1.12/0.3.19/0.6.2,,,Severe acute respiratory syndrome-related coronavirus,Betacoronavirus,Coronaviridae,ssRNA(+),29832,GenBank,complete,,,,United Kingdom:England,United Kingdom,,Homo sapiens,,2022-02-05,SAMEA113321763,PRJEB37886
OY628538,Severe acute respiratory syndrome coronavirus 2,,,"Yourgene Health, Citylabs 1.0, Nelson Street, Manchester, M13 9NQ",,2023-08-09,B.1.1.529,4.3.1/1.26/v0.1.12/0.3.19/0.6.2,,,Severe acute respiratory syndrome-related coronavirus,Betacoronavirus,Coronaviridae,ssRNA(+),29773,GenBank,complete,,,,United Kingdom:England,United Kingdom,,Homo sapiens,,2022-02-05,SAMEA113320904,PRJEB37886
OY628597,Severe acute respiratory syndrome coronavirus 2,,,"Yourgene Health, Citylabs 1.0, Nelson Street, Manchester, M13 9NQ",,2023-08-09,B.1.1.529,4.3.1/1.26/v0.1.12/0.3.19/0.6.2,,,Severe acute respiratory syndrome-related coronavirus,Betacoronavirus,Coronaviridae,ssRNA(+),29772,GenBank,complete,,,,United Kingdom:England,United Kingdom,,Homo sapiens,,2022-02-05,SAMEA113319501,PRJEB37886
OY628747,Severe acute respiratory syndrome coronavirus 2,,,"Yourgene Health, Citylabs 1.0, Nelson Street, Manchester, M13 9NQ",,2023-08-09,B.1.1.529,4.3.1/1.26/v0.1.12/0.3.19/0.6.2,,,Severe acute respiratory syndrome-related coronavirus,Betacoronavirus,Coronaviridae,ssRNA(+),29773,GenBank,complete,,,,United Kingdom:England,United Kingdom,,Homo sapiens,,2022-02-03,SAMEA113320068,PRJEB37886
OY629011,Severe acute respiratory syndrome coronavirus 2,,,"Yourgene Health, Citylabs 1.0, Nelson Street, Manchester, M13 9NQ",,2023-08-09,B.1.1.529,4.3.1/1.26/v0.1.12/0.3.19/0.6.2,,,Severe acute respiratory syndrome-related coronavirus,Betacoronavirus,Coronaviridae,ssRNA(+),29838,GenBank,complete,,,,United Kingdom:England,United Kingdom,,Homo sapiens,,2022-01-04,SAMEA113320065,PRJEB37886
OY631983,Severe acute respiratory syndrome coronavirus 2,,,"Yourgene Health, Citylabs 1.0, Nelson Street, Manchester, M13 9NQ",,2023-08-09,B.1.1.529,4.3.1/1.26/v0.1.12/0.3.19/0.6.2,,,Severe acute respiratory syndrome-related coronavirus,Betacoronavirus,Coronaviridae,ssRNA(+),29774,GenBank,complete,,,,United Kingdom:England,United Kingdom,,Homo sapiens,,2022-02-24,SAMEA113318031,PRJEB37886
OY632324,Severe acute respiratory syndrome coronavirus 2,,,"Yourgene Health, Citylabs 1.0, Nelson Street, Manchester, M13 9NQ",,2023-08-09,B.1.1.529,4.3.1/1.26/v0.1.12/0.3.19/0.6.2,,,Severe acute respiratory syndrome-related coronavirus,Betacoronavirus,Coronaviridae,ssRNA(+),29790,GenBank,complete,,,,United Kingdom:England,United Kingdom,,Homo sapiens,,2022-02-17,SAMEA113321741,PRJEB37886
OY632397,Severe acute respiratory syndrome coronavirus 2,,,"Yourgene Health, Citylabs 1.0, Nelson Street, Manchester, M13 9NQ",,2023-08-09,B.1.1.529,4.3.1/1.26/v0.1.12/0.3.19/0.6.2,,,Severe acute respiratory syndrome-related coronavirus,Betacoronavirus,Coronaviridae,ssRNA(+),29820,GenBank,complete,,,,United Kingdom:England,United Kingdom,,Homo sapiens,,2022-02-25,SAMEA113321597,PRJEB37886
OY632544,Severe acute respiratory syndrome coronavirus 2,,,"Yourgene Health, Citylabs 1.0, Nelson Street, Manchester, M13 9NQ",,2023-08-09,B.1.1.529,4.3.1/1.26/v0.1.12/0.3.19/0.6.2,,,Severe acute respiratory syndrome-related coronavirus,Betacoronavirus,Coronaviridae,ssRNA(+),29805,GenBank,complete,,,,United Kingdom:England,United Kingdom,,Homo sapiens,,2022-02-05,SAMEA113319708,PRJEB37886
OY632834,Severe acute respiratory syndrome coronavirus 2,,,"Yourgene Health, Citylabs 1.0, Nelson Street, Manchester, M13 9NQ",,2023-08-09,B.1.1.529,4.3.1/1.26/v0.1.12/0.3.19/0.6.2,,,Severe acute respiratory syndrome-related coronavirus,Betacoronavirus,Coronaviridae,ssRNA(+),29773,GenBank,complete,,,,United Kingdom:England,United Kingdom,,Homo sapiens,,2022-02-05,SAMEA113320519,PRJEB37886
OY633491,Severe acute respiratory syndrome coronavirus 2,,,"Yourgene Health, Citylabs 1.0, Nelson Street, Manchester, M13 9NQ",,2023-08-09,B.1.1.529,4.3.1/1.26/v0.1.12/0.3.19/0.6.2,,,Severe acute respiratory syndrome-related coronavirus,Betacoronavirus,Coronaviridae,ssRNA(+),29773,GenBank,complete,,,,United Kingdom:England,United Kingdom,,Homo sapiens,,2021-12-20,SAMEA113320864,PRJEB37886
OY635902,Severe acute respiratory syndrome coronavirus 2,,,"Suite 2, The Newnham Building, Chesterford Research Park, CB10 1XL",,2023-08-09,B.1.1.529,4.3.1/1.26/v0.1.12/0.3.19/0.6.2,,,Severe acute respiratory syndrome-related coronavirus,Betacoronavirus,Coronaviridae,ssRNA(+),29784,GenBank,complete,,,,United Kingdom:England,United Kingdom,,Homo sapiens,,2022-02-13,SAMEA113329201,PRJEB37886
OY636411,Severe acute respiratory syndrome coronavirus 2,,,"Yourgene Health, Citylabs 1.0, Nelson Street, Manchester, M13 9NQ",,2023-08-09,B.1.1.529,4.3.1/1.26/v0.1.12/0.3.19/0.6.2,,,Severe acute respiratory syndrome-related coronavirus,Betacoronavirus,Coronaviridae,ssRNA(+),29775,GenBank,complete,,,,United Kingdom:England,United Kingdom,,Homo sapiens,,2022-02-05,SAMEA113330121,PRJEB37886
OY636782,Severe acute respiratory syndrome coronavirus 2,,,"Yourgene Health, Citylabs 1.0, Nelson Street, Manchester, M13 9NQ",,2023-08-09,B.1.1.529,4.3.1/1.26/v0.1.12/0.3.19/0.6.2,,,Severe acute respiratory syndrome-related coronavirus,Betacoronavirus,Coronaviridae,ssRNA(+),29878,GenBank,complete,,,,United Kingdom:England,United Kingdom,,Homo sapiens,,2022-02-03,SAMEA113327466,PRJEB37886
OY636816,Severe acute respiratory syndrome coronavirus 2,,,"Yourgene Health, Citylabs 1.0, Nelson Street, Manchester, M13 9NQ",,2023-08-09,B.1.1.529,4.3.1/1.26/v0.1.12/0.3.19/0.6.2,,,Severe acute respiratory syndrome-related coronavirus,Betacoronavirus,Coronaviridae,ssRNA(+),29783,GenBank,complete,,,,United Kingdom:England,United Kingdom,,Homo sapiens,,2022-01-09,SAMEA113329500,PRJEB37886
OY637482,Severe acute respiratory syndrome coronavirus 2,,,"Yourgene Health, Citylabs 1.0, Nelson Street, Manchester, M13 9NQ",,2023-08-09,B.1.1.529,4.3.1/1.26/v0.1.12/0.3.19/0.6.2,,,Severe acute respiratory syndrome-related coronavirus,Betacoronavirus,Coronaviridae,ssRNA(+),29774,GenBank,complete,,,,United Kingdom:England,United Kingdom,,Homo sapiens,,2022-01-17,SAMEA113327843,PRJEB37886
OY637554,Severe acute respiratory syndrome coronavirus 2,,,"Yourgene Health, Citylabs 1.0, Nelson Street, Manchester, M13 9NQ",,2023-08-09,B.1.1.529,4.3.1/1.26/v0.1.12/0.3.19/0.6.2,,,Severe acute respiratory syndrome-related coronavirus,Betacoronavirus,Coronaviridae,ssRNA(+),29794,GenBank,complete,,,,United Kingdom:England,United Kingdom,,Homo sapiens,,2022-01-20,SAMEA113326880,PRJEB37886
OY638782,Severe acute respiratory syndrome coronavirus 2,,,"Yourgene Health, Citylabs 1.0, Nelson Street, Manchester, M13 9NQ",,2023-08-09,B.1.1.529,4.3.1/1.26/v0.1.12/0.3.19/0.6.2,,,Severe acute respiratory syndrome-related coronavirus,Betacoronavirus,Coronaviridae,ssRNA(+),29724,GenBank,complete,,,,United Kingdom:England,United Kingdom,,Homo sapiens,,2022-02-05,SAMEA113327716,PRJEB37886
OY638925,Severe acute respiratory syndrome coronavirus 2,,,"Yourgene Health, Citylabs 1.0, Nelson Street, Manchester, M13 9NQ",,2023-08-09,B.1.1.529,4.3.1/1.26/v0.1.12/0.3.19/0.6.2,,,Severe acute respiratory syndrome-related coronavirus,Betacoronavirus,Coronaviridae,ssRNA(+),29796,GenBank,complete,,,,United Kingdom:England,United Kingdom,,Homo sapiens,,2022-02-25,SAMEA113328323,PRJEB37886
OY629485,Severe acute respiratory syndrome coronavirus 2,,,"Yourgene Health, Citylabs 1.0, Nelson Street, Manchester, M13 9NQ",,2023-08-08,B.1.1.529,4.3.1/1.26/v0.1.12/0.3.19/0.6.2,,,Severe acute respiratory syndrome-related coronavirus,Betacoronavirus,Coronaviridae,ssRNA(+),29800,GenBank,complete,,,,United Kingdom:England,United Kingdom,,Homo sapiens,,2022-01-08,SAMEA113326328,PRJEB37886
OY629766,Severe acute respiratory syndrome coronavirus 2,,,"Yourgene Health, Citylabs 1.0, Nelson Street, Manchester, M13 9NQ",,2023-08-08,B.1.1.529,4.3.1/1.26/v0.1.12/0.3.19/0.6.2,,,Severe acute respiratory syndrome-related coronavirus,Betacoronavirus,Coronaviridae,ssRNA(+),29773,GenBank,complete,,,,United Kingdom:England,United Kingdom,,Homo sapiens,,2022-02-05,SAMEA113325253,PRJEB37886
OY629877,Severe acute respiratory syndrome coronavirus 2,,,"Yourgene Health, Citylabs 1.0, Nelson Street, Manchester, M13 9NQ",,2023-08-08,B.1.1.529,4.3.1/1.26/v0.1.12/0.3.19/0.6.2,,,Severe acute respiratory syndrome-related coronavirus,Betacoronavirus,Coronaviridae,ssRNA(+),29775,GenBank,complete,,,,United Kingdom:England,United Kingdom,,Homo sapiens,,2022-02-14,SAMEA113325693,PRJEB37886
OY630211,Severe acute respiratory syndrome coronavirus 2,,,"Yourgene Health, Citylabs 1.0, Nelson Street, Manchester, M13 9NQ",,2023-08-08,B.1.1.529,4.3.1/1.26/v0.1.12/0.3.19/0.6.2,,,Severe acute respiratory syndrome-related coronavirus,Betacoronavirus,Coronaviridae,ssRNA(+),29756,GenBank,complete,,,,United Kingdom:England,United Kingdom,,Homo sapiens,,2022-02-11,SAMEA113323645,PRJEB37886
OY630546,Severe acute respiratory syndrome coronavirus 2,,,"Yourgene Health, Citylabs 1.0, Nelson Street, Manchester, M13 9NQ",,2023-08-08,B.1.1.529,4.3.1/1.26/v0.1.12/0.3.19/0.6.2,,,Severe acute respiratory syndrome-related coronavirus,Betacoronavirus,Coronaviridae,ssRNA(+),29774,GenBank,complete,,,,United Kingdom:England,United Kingdom,,Homo sapiens,,2022-02-09,SAMEA113325066,PRJEB37886
OY631025,Severe acute respiratory syndrome coronavirus 2,,,"Yourgene Health, Citylabs 1.0, Nelson Street, Manchester, M13 9NQ",,2023-08-08,B.1.1.529,4.3.1/1.26/v0.1.12/0.3.19/0.6.2,,,Severe acute respiratory syndrome-related coronavirus,Betacoronavirus,Coronaviridae,ssRNA(+),29773,GenBank,complete,,,,United Kingdom:England,United Kingdom,,Homo sapiens,,2022-02-05,SAMEA113325795,PRJEB37886
OY631573,Severe acute respiratory syndrome coronavirus 2,,,"Yourgene Health, Citylabs 1.0, Nelson Street, Manchester, M13 9NQ",,2023-08-08,B.1.1.529,4.3.1/1.26/v0.1.12/0.3.19/0.6.2,,,Severe acute respiratory syndrome-related coronavirus,Betacoronavirus,Coronaviridae,ssRNA(+),29850,GenBank,complete,,,,United Kingdom:England,United Kingdom,,Homo sapiens,,2022-02-17,SAMEA113324853,PRJEB37886
OY634078,Severe acute respiratory syndrome coronavirus 2,,,"Yourgene Health, Citylabs 1.0, Nelson Street, Manchester, M13 9NQ",,2023-08-08,B.1.1.529,4.3.1/1.26/v0.1.12/0.3.19/0.6.2,,,Severe acute respiratory syndrome-related coronavirus,Betacoronavirus,Coronaviridae,ssRNA(+),29788,GenBank,complete,,,,United Kingdom:England,United Kingdom,,Homo sapiens,,2022-01-27,SAMEA113324322,PRJEB37886
OY634401,Severe acute respiratory syndrome coronavirus 2,,,"Yourgene Health, Citylabs 1.0, Nelson Street, Manchester, M13 9NQ",,2023-08-08,B.1.1.529,4.3.1/1.26/v0.1.12/0.3.19/0.6.2,,,Severe acute respiratory syndrome-related coronavirus,Betacoronavirus,Coronaviridae,ssRNA(+),29774,GenBank,complete,,,,United Kingdom:England,United Kingdom,,Homo sapiens,,2022-02-04,SAMEA113322403,PRJEB37886
OY634465,Severe acute respiratory syndrome coronavirus 2,,,"Yourgene Health, Citylabs 1.0, Nelson Street, Manchester, M13 9NQ",,2023-08-08,B.1.1.529,4.3.1/1.26/v0.1.12/0.3.19/0.6.2,,,Severe acute respiratory syndrome-related coronavirus,Betacoronavirus,Coronaviridae,ssRNA(+),29856,GenBank,complete,,,,United Kingdom:England,United Kingdom,,Homo sapiens,,2022-02-05,SAMEA113322087,PRJEB37886
OY634859,Severe acute respiratory syndrome coronavirus 2,,,"Yourgene Health, Citylabs 1.0, Nelson Street, Manchester, M13 9NQ",,2023-08-08,B.1.1.529,4.3.1/1.26/v0.1.12/0.3.19/0.6.2,,,Severe acute respiratory syndrome-related coronavirus,Betacoronavirus,Coronaviridae,ssRNA(+),29773,GenBank,complete,,,,United Kingdom:England,United Kingdom,,Homo sapiens,,2021-12-17,SAMEA113323952,PRJEB37886
OY634940,Severe acute respiratory syndrome coronavirus 2,,,"Yourgene Health, Citylabs 1.0, Nelson Street, Manchester, M13 9NQ",,2023-08-08,B.1.1.529,4.3.1/1.26/v0.1.12/0.3.19/0.6.2,,,Severe acute respiratory syndrome-related coronavirus,Betacoronavirus,Coronaviridae,ssRNA(+),29797,GenBank,complete,,,,United Kingdom:England,United Kingdom,,Homo sapiens,,2022-02-05,SAMEA113324551,PRJEB37886
OY717279,Severe acute respiratory syndrome coronavirus 2,,,"Yourgene Health, Citylabs 1.0, Nelson Street, Manchester, M13 9NQ",,2023-08-06,B.1.1.529,4.3.1/1.26/v0.1.12/0.3.19/0.6.2,,,Severe acute respiratory syndrome-related coronavirus,Betacoronavirus,Coronaviridae,ssRNA(+),29775,GenBank,complete,,,,United Kingdom:England,United Kingdom,,Homo sapiens,,2021-12-19,SAMEA113397323,PRJEB37886
OY717283,Severe acute respiratory syndrome coronavirus 2,,,"Yourgene Health, Citylabs 1.0, Nelson Street, Manchester, M13 9NQ",,2023-08-06,B.1.1.529,4.3.1/1.26/v0.1.12/0.3.19/0.6.2,,,Severe acute respiratory syndrome-related coronavirus,Betacoronavirus,Coronaviridae,ssRNA(+),29773,GenBank,complete,,,,United Kingdom:England,United Kingdom,,Homo sapiens,,2022-02-05,SAMEA113398552,PRJEB37886
OY717719,Severe acute respiratory syndrome coronavirus 2,,,"Yourgene Health, Citylabs 1.0, Nelson Street, Manchester, M13 9NQ",,2023-08-06,B.1.1.529,4.3.1/1.26/v0.1.12/0.3.19/0.6.2,,,Severe acute respiratory syndrome-related coronavirus,Betacoronavirus,Coronaviridae,ssRNA(+),29773,GenBank,complete,,,,United Kingdom:England,United Kingdom,,Homo sapiens,,2022-02-05,SAMEA113397380,PRJEB37886
OY718456,Severe acute respiratory syndrome coronavirus 2,,,"Yourgene Health, Citylabs 1.0, Nelson Street, Manchester, M13 9NQ",,2023-08-06,B.1.1.529,4.3.1/1.26/v0.1.12/0.3.19/0.6.2,,,Severe acute respiratory syndrome-related coronavirus,Betacoronavirus,Coronaviridae,ssRNA(+),29727,GenBank,complete,,,,United Kingdom:England,United Kingdom,,Homo sapiens,,2022-02-05,SAMEA113398580,PRJEB37886
OY718500,Severe acute respiratory syndrome coronavirus 2,,,"Yourgene Health, Citylabs 1.0, Nelson Street, Manchester, M13 9NQ",,2023-08-06,B.1.1.529,4.3.1/1.26/v0.1.12/0.3.19/0.6.2,,,Severe acute respiratory syndrome-related coronavirus,Betacoronavirus,Coronaviridae,ssRNA(+),29740,GenBank,complete,,,,United Kingdom:England,United Kingdom,,Homo sapiens,,2022-02-05,SAMEA113396933,PRJEB37886
OY719457,Severe acute respiratory syndrome coronavirus 2,,,"Yourgene Health, Citylabs 1.0, Nelson Street, Manchester, M13 9NQ",,2023-08-06,B.1.1.529,4.3.1/1.26/v0.1.12/0.3.19/0.6.2,,,Severe acute respiratory syndrome-related coronavirus,Betacoronavirus,Coronaviridae,ssRNA(+),29832,GenBank,complete,,,,United Kingdom:England,United Kingdom,,Homo sapiens,,2022-02-05,SAMEA113381850,PRJEB37886
OY719565,Severe acute respiratory syndrome coronavirus 2,,,"Yourgene Health, Citylabs 1.0, Nelson Street, Manchester, M13 9NQ",,2023-08-06,B.1.1.529,4.3.1/1.26/v0.1.12/0.3.19/0.6.2,,,Severe acute respiratory syndrome-related coronavirus,Betacoronavirus,Coronaviridae,ssRNA(+),29795,GenBank,complete,,,,United Kingdom:England,United Kingdom,,Homo sapiens,,2022-02-04,SAMEA113381959,PRJEB37886
OY719697,Severe acute respiratory syndrome coronavirus 2,,,"Yourgene Health, Citylabs 1.0, Nelson Street, Manchester, M13 9NQ",,2023-08-06,B.1.1.529,4.3.1/1.26/v0.1.12/0.3.19/0.6.2,,,Severe acute respiratory syndrome-related coronavirus,Betacoronavirus,Coronaviridae,ssRNA(+),29834,GenBank,complete,,,,United Kingdom:England,United Kingdom,,Homo sapiens,,2022-02-05,SAMEA113382196,PRJEB37886
OY714156,Severe acute respiratory syndrome coronavirus 2,,,"Yourgene Health, Citylabs 1.0, Nelson Street, Manchester, M13 9NQ",,2023-08-05,B.1.1.529,4.3.1/1.26/v0.1.12/0.3.19/0.6.2,,,Severe acute respiratory syndrome-related coronavirus,Betacoronavirus,Coronaviridae,ssRNA(+),29819,GenBank,complete,,,,United Kingdom:England,United Kingdom,,Homo sapiens,,2022-02-03,SAMEA113393844,PRJEB37886
OY714224,Severe acute respiratory syndrome coronavirus 2,,,"Yourgene Health, Citylabs 1.0, Nelson Street, Manchester, M13 9NQ",,2023-08-05,B.1.1.529,4.3.1/1.26/v0.1.12/0.3.19/0.6.2,,,Severe acute respiratory syndrome-related coronavirus,Betacoronavirus,Coronaviridae,ssRNA(+),29764,GenBank,complete,,,,United Kingdom:England,United Kingdom,,Homo sapiens,,2022-02-05,SAMEA113396591,PRJEB37886
OY714398,Severe acute respiratory syndrome coronavirus 2,,,"Yourgene Health, Citylabs 1.0, Nelson Street, Manchester, M13 9NQ",,2023-08-05,B.1.1.529,4.3.1/1.26/v0.1.12/0.3.19/0.6.2,,,Severe acute respiratory syndrome-related coronavirus,Betacoronavirus,Coronaviridae,ssRNA(+),29763,GenBank,complete,,,,United Kingdom:England,United Kingdom,,Homo sapiens,,2022-01-31,SAMEA113394029,PRJEB37886
OY714442,Severe acute respiratory syndrome coronavirus 2,,,"Yourgene Health, Citylabs 1.0, Nelson Street, Manchester, M13 9NQ",,2023-08-05,B.1.1.529,4.3.1/1.26/v0.1.12/0.3.19/0.6.2,,,Severe acute respiratory syndrome-related coronavirus,Betacoronavirus,Coronaviridae,ssRNA(+),29800,GenBank,complete,,,,United Kingdom:England,United Kingdom,,Homo sapiens,,2022-01-08,SAMEA113393145,PRJEB37886
OY714644,Severe acute respiratory syndrome coronavirus 2,,,"Yourgene Health, Citylabs 1.0, Nelson Street, Manchester, M13 9NQ",,2023-08-05,B.1.1.529,4.3.1/1.26/v0.1.12/0.3.19/0.6.2,,,Severe acute respiratory syndrome-related coronavirus,Betacoronavirus,Coronaviridae,ssRNA(+),29833,GenBank,complete,,,,United Kingdom:England,United Kingdom,,Homo sapiens,,2022-02-05,SAMEA113396235,PRJEB37886
OY714694,Severe acute respiratory syndrome coronavirus 2,,,"Yourgene Health, Citylabs 1.0, Nelson Street, Manchester, M13 9NQ",,2023-08-05,B.1.1.529,4.3.1/1.26/v0.1.12/0.3.19/0.6.2,,,Severe acute respiratory syndrome-related coronavirus,Betacoronavirus,Coronaviridae,ssRNA(+),29772,GenBank,complete,,,,United Kingdom:England,United Kingdom,,Homo sapiens,,2022-02-05,SAMEA113394869,PRJEB37886
OY714787,Severe acute respiratory syndrome coronavirus 2,,,"Yourgene Health, Citylabs 1.0, Nelson Street, Manchester, M13 9NQ",,2023-08-05,B.1.1.529,4.3.1/1.26/v0.1.12/0.3.19/0.6.2,,,Severe acute respiratory syndrome-related coronavirus,Betacoronavirus,Coronaviridae,ssRNA(+),29828,GenBank,complete,,,,United Kingdom:England,United Kingdom,,Homo sapiens,,2022-01-01,SAMEA113396556,PRJEB37886
OY715284,Severe acute respiratory syndrome coronavirus 2,,,"Yourgene Health, Citylabs 1.0, Nelson Street, Manchester, M13 9NQ",,2023-08-05,B.1.1.529,4.3.1/1.26/v0.1.12/0.3.19/0.6.2,,,Severe acute respiratory syndrome-related coronavirus,Betacoronavirus,Coronaviridae,ssRNA(+),29802,GenBank,complete,,,,United Kingdom:England,United Kingdom,,Homo sapiens,,2022-02-03,SAMEA113397805,PRJEB37886
OY697667,Severe acute respiratory syndrome coronavirus 2,,,"Yourgene Health, Citylabs 1.0, Nelson Street, Manchester, M13 9NQ",,2023-08-04,B.1.1.529,4.3.1/1.26/v0.1.12/0.3.19/0.6.2,,,Severe acute respiratory syndrome-related coronavirus,Betacoronavirus,Coronaviridae,ssRNA(+),29844,GenBank,complete,,,,United Kingdom:England,United Kingdom,,Homo sapiens,,2022-02-05,SAMEA113379254,PRJEB37886
OY697980,Severe acute respiratory syndrome coronavirus 2,,,"Suite 2, The Newnham Building, Chesterford Research Park, CB10 1XL",,2023-08-04,B.1.1.529,4.3.1/1.26/v0.1.12/0.3.19/0.6.2,,,Severe acute respiratory syndrome-related coronavirus,Betacoronavirus,Coronaviridae,ssRNA(+),29775,GenBank,complete,,,,United Kingdom:England,United Kingdom,,Homo sapiens,,2022-02-02,SAMEA113379217,PRJEB37886
OY697992,Severe acute respiratory syndrome coronavirus 2,,,"Yourgene Health, Citylabs 1.0, Nelson Street, Manchester, M13 9NQ",,2023-08-04,B.1.1.529,4.3.1/1.26/v0.1.12/0.3.19/0.6.2,,,Severe acute respiratory syndrome-related coronavirus,Betacoronavirus,Coronaviridae,ssRNA(+),29774,GenBank,complete,,,,United Kingdom:England,United Kingdom,,Homo sapiens,,2022-01-11,SAMEA113379244,PRJEB37886
OY698112,Severe acute respiratory syndrome coronavirus 2,,,"Yourgene Health, Citylabs 1.0, Nelson Street, Manchester, M13 9NQ",,2023-08-04,B.1.1.529,4.3.1/1.26/v0.1.12/0.3.19/0.6.2,,,Severe acute respiratory syndrome-related coronavirus,Betacoronavirus,Coronaviridae,ssRNA(+),29774,GenBank,complete,,,,United Kingdom:England,United Kingdom,,Homo sapiens,,2022-02-05,SAMEA113379329,PRJEB37886
OY698214,Severe acute respiratory syndrome coronavirus 2,,,"Yourgene Health, Citylabs 1.0, Nelson Street, Manchester, M13 9NQ",,2023-08-04,B.1.1.529,4.3.1/1.26/v0.1.12/0.3.19/0.6.2,,,Severe acute respiratory syndrome-related coronavirus,Betacoronavirus,Coronaviridae,ssRNA(+),29735,GenBank,complete,,,,United Kingdom:England,United Kingdom,,Homo sapiens,,2022-02-06,SAMEA113379185,PRJEB37886
OY698293,Severe acute respiratory syndrome coronavirus 2,,,"Yourgene Health, Citylabs 1.0, Nelson Street, Manchester, M13 9NQ",,2023-08-04,B.1.1.529,4.3.1/1.26/v0.1.12/0.3.19/0.6.2,,,Severe acute respiratory syndrome-related coronavirus,Betacoronavirus,Coronaviridae,ssRNA(+),29714,GenBank,complete,,,,United Kingdom:England,United Kingdom,,Homo sapiens,,2022-02-03,SAMEA113379138,PRJEB37886
OY698556,Severe acute respiratory syndrome coronavirus 2,,,"Yourgene Health, Citylabs 1.0, Nelson Street, Manchester, M13 9NQ",,2023-08-04,B.1.1.529,4.3.1/1.26/v0.1.12/0.3.19/0.6.2,,,Severe acute respiratory syndrome-related coronavirus,Betacoronavirus,Coronaviridae,ssRNA(+),29832,GenBank,complete,,,,United Kingdom:England,United Kingdom,,Homo sapiens,,2022-02-05,SAMEA113379698,PRJEB37886
OY698631,Severe acute respiratory syndrome coronavirus 2,,,"Yourgene Health, Citylabs 1.0, Nelson Street, Manchester, M13 9NQ",,2023-08-04,B.1.1.529,4.3.1/1.26/v0.1.12/0.3.19/0.6.2,,,Severe acute respiratory syndrome-related coronavirus,Betacoronavirus,Coronaviridae,ssRNA(+),29785,GenBank,complete,,,,United Kingdom:England,United Kingdom,,Homo sapiens,,2022-02-01,SAMEA113379590,PRJEB37886
OY698922,Severe acute respiratory syndrome coronavirus 2,,,"Yourgene Health, Citylabs 1.0, Nelson Street, Manchester, M13 9NQ",,2023-08-04,B.1.1.529,4.3.1/1.26/v0.1.12/0.3.19/0.6.2,,,Severe acute respiratory syndrome-related coronavirus,Betacoronavirus,Coronaviridae,ssRNA(+),29829,GenBank,complete,,,,United Kingdom:England,United Kingdom,,Homo sapiens,,2022-02-05,SAMEA113379819,PRJEB37886
OY699229,Severe acute respiratory syndrome coronavirus 2,,,"Yourgene Health, Citylabs 1.0, Nelson Street, Manchester, M13 9NQ",,2023-08-04,B.1.1.529,4.3.1/1.26/v0.1.12/0.3.19/0.6.2,,,Severe acute respiratory syndrome-related coronavirus,Betacoronavirus,Coronaviridae,ssRNA(+),29770,GenBank,complete,,,,United Kingdom:England,United Kingdom,,Homo sapiens,,2022-02-05,SAMEA113379574,PRJEB37886
OY699620,Severe acute respiratory syndrome coronavirus 2,,,"Yourgene Health, Citylabs 1.0, Nelson Street, Manchester, M13 9NQ",,2023-08-04,B.1.1.529,4.3.1/1.26/v0.1.12/0.3.19/0.6.2,,,Severe acute respiratory syndrome-related coronavirus,Betacoronavirus,Coronaviridae,ssRNA(+),29841,GenBank,complete,,,,United Kingdom:England,United Kingdom,,Homo sapiens,,2022-01-29,SAMEA113382302,PRJEB37886
OY700540,Severe acute respiratory syndrome coronavirus 2,,,"Yourgene Health, Citylabs 1.0, Nelson Street, Manchester, M13 9NQ",,2023-08-04,B.1.1.529,4.3.1/1.26/v0.1.12/0.3.19/0.6.2,,,Severe acute respiratory syndrome-related coronavirus,Betacoronavirus,Coronaviridae,ssRNA(+),29865,GenBank,complete,,,,United Kingdom:England,United Kingdom,,Homo sapiens,,2022-02-06,SAMEA113383140,PRJEB37886
OY700869,Severe acute respiratory syndrome coronavirus 2,,,"Yourgene Health, Citylabs 1.0, Nelson Street, Manchester, M13 9NQ",,2023-08-04,B.1.1.529,4.3.1/1.26/v0.1.12/0.3.19/0.6.2,,,Severe acute respiratory syndrome-related coronavirus,Betacoronavirus,Coronaviridae,ssRNA(+),29721,GenBank,complete,,,,United Kingdom:England,United Kingdom,,Homo sapiens,,2022-02-05,SAMEA113382591,PRJEB37886
OY700986,Severe acute respiratory syndrome coronavirus 2,,,"Yourgene Health, Citylabs 1.0, Nelson Street, Manchester, M13 9NQ",,2023-08-04,B.1.1.529,4.3.1/1.26/v0.1.12/0.3.19/0.6.2,,,Severe acute respiratory syndrome-related coronavirus,Betacoronavirus,Coronaviridae,ssRNA(+),29773,GenBank,complete,,,,United Kingdom:England,United Kingdom,,Homo sapiens,,2022-02-05,SAMEA113381354,PRJEB37886
OY701108,Severe acute respiratory syndrome coronavirus 2,,,"Yourgene Health, Citylabs 1.0, Nelson Street, Manchester, M13 9NQ",,2023-08-04,B.1.1.529,4.3.1/1.26/v0.1.12/0.3.19/0.6.2,,,Severe acute respiratory syndrome-related coronavirus,Betacoronavirus,Coronaviridae,ssRNA(+),29802,GenBank,complete,,,,United Kingdom:England,United Kingdom,,Homo sapiens,,2022-01-12,SAMEA113383473,PRJEB37886
OY701125,Severe acute respiratory syndrome coronavirus 2,,,"Yourgene Health, Citylabs 1.0, Nelson Street, Manchester, M13 9NQ",,2023-08-04,B.1.1.529,4.3.1/1.26/v0.1.12/0.3.19/0.6.2,,,Severe acute respiratory syndrome-related coronavirus,Betacoronavirus,Coronaviridae,ssRNA(+),29852,GenBank,complete,,,,United Kingdom:England,United Kingdom,,Homo sapiens,,2022-02-23,SAMEA113383649,PRJEB37886
OY701196,Severe acute respiratory syndrome coronavirus 2,,,"Yourgene Health, Citylabs 1.0, Nelson Street, Manchester, M13 9NQ",,2023-08-04,B.1.1.529,4.3.1/1.26/v0.1.12/0.3.19/0.6.2,,,Severe acute respiratory syndrome-related coronavirus,Betacoronavirus,Coronaviridae,ssRNA(+),29773,GenBank,complete,,,,United Kingdom:England,United Kingdom,,Homo sapiens,,2022-02-03,SAMEA113380942,PRJEB37886
OY701267,Severe acute respiratory syndrome coronavirus 2,,,"Yourgene Health, Citylabs 1.0, Nelson Street, Manchester, M13 9NQ",,2023-08-04,B.1.1.529,4.3.1/1.26/v0.1.12/0.3.19/0.6.2,,,Severe acute respiratory syndrome-related coronavirus,Betacoronavirus,Coronaviridae,ssRNA(+),29832,GenBank,complete,,,,United Kingdom:England,United Kingdom,,Homo sapiens,,2022-02-03,SAMEA113381047,PRJEB37886
OY701407,Severe acute respiratory syndrome coronavirus 2,,,"Yourgene Health, Citylabs 1.0, Nelson Street, Manchester, M13 9NQ",,2023-08-04,B.1.1.529,4.3.1/1.26/v0.1.12/0.3.19/0.6.2,,,Severe acute respiratory syndrome-related coronavirus,Betacoronavirus,Coronaviridae,ssRNA(+),29793,GenBank,complete,,,,United Kingdom:England,United Kingdom,,Homo sapiens,,2021-12-18,SAMEA113381417,PRJEB37886
OY701475,Severe acute respiratory syndrome coronavirus 2,,,"Yourgene Health, Citylabs 1.0, Nelson Street, Manchester, M13 9NQ",,2023-08-04,B.1.1.529,4.3.1/1.26/v0.1.12/0.3.19/0.6.2,,,Severe acute respiratory syndrome-related coronavirus,Betacoronavirus,Coronaviridae,ssRNA(+),29889,GenBank,complete,,,,United Kingdom:England,United Kingdom,,Homo sapiens,,2022-02-05,SAMEA113381014,PRJEB37886
OY701845,Severe acute respiratory syndrome coronavirus 2,,,"Yourgene Health, Citylabs 1.0, Nelson Street, Manchester, M13 9NQ",,2023-08-04,B.1.1.529,4.3.1/1.26/v0.1.12/0.3.19/0.6.2,,,Severe acute respiratory syndrome-related coronavirus,Betacoronavirus,Coronaviridae,ssRNA(+),29800,GenBank,complete,,,,United Kingdom:England,United Kingdom,,Homo sapiens,,2022-02-09,SAMEA113382324,PRJEB37886
OY702164,Severe acute respiratory syndrome coronavirus 2,,,"Yourgene Health, Citylabs 1.0, Nelson Street, Manchester, M13 9NQ",,2023-08-04,B.1.1.529,4.3.1/1.26/v0.1.12/0.3.19/0.6.2,,,Severe acute respiratory syndrome-related coronavirus,Betacoronavirus,Coronaviridae,ssRNA(+),29774,GenBank,complete,,,,United Kingdom:England,United Kingdom,,Homo sapiens,,2022-02-05,SAMEA113383054,PRJEB37886
OY702905,Severe acute respiratory syndrome coronavirus 2,,,"Yourgene Health, Citylabs 1.0, Nelson Street, Manchester, M13 9NQ",,2023-08-04,B.1.1.529,4.3.1/1.26/v0.1.12/0.3.19/0.6.2,,,Severe acute respiratory syndrome-related coronavirus,Betacoronavirus,Coronaviridae,ssRNA(+),29841,GenBank,complete,,,,United Kingdom:England,United Kingdom,,Homo sapiens,,2022-02-05,SAMEA113386500,PRJEB37886
OY703382,Severe acute respiratory syndrome coronavirus 2,,,"Yourgene Health, Citylabs 1.0, Nelson Street, Manchester, M13 9NQ",,2023-08-04,B.1.1.529,4.3.1/1.26/v0.1.12/0.3.19/0.6.2,,,Severe acute respiratory syndrome-related coronavirus,Betacoronavirus,Coronaviridae,ssRNA(+),29773,GenBank,complete,,,,United Kingdom:England,United Kingdom,,Homo sapiens,,2021-12-18,SAMEA113384683,PRJEB37886
OY704006,Severe acute respiratory syndrome coronavirus 2,,,"Yourgene Health, Citylabs 1.0, Nelson Street, Manchester, M13 9NQ",,2023-08-04,B.1.1.529,4.3.1/1.26/v0.1.12/0.3.19/0.6.2,,,Severe acute respiratory syndrome-related coronavirus,Betacoronavirus,Coronaviridae,ssRNA(+),29770,GenBank,complete,,,,United Kingdom:England,United Kingdom,,Homo sapiens,,2022-01-03,SAMEA113384798,PRJEB37886
OY704312,Severe acute respiratory syndrome coronavirus 2,,,"Yourgene Health, Citylabs 1.0, Nelson Street, Manchester, M13 9NQ",,2023-08-04,B.1.1.529,4.3.1/1.26/v0.1.12/0.3.19/0.6.2,,,Severe acute respiratory syndrome-related coronavirus,Betacoronavirus,Coronaviridae,ssRNA(+),29743,GenBank,complete,,,,United Kingdom:England,United Kingdom,,Homo sapiens,,2022-02-05,SAMEA113386832,PRJEB37886
OY706121,Severe acute respiratory syndrome coronavirus 2,,,"Yourgene Health, Citylabs 1.0, Nelson Street, Manchester, M13 9NQ",,2023-08-04,B.1.1.529,4.3.1/1.26/v0.1.12/0.3.19/0.6.2,,,Severe acute respiratory syndrome-related coronavirus,Betacoronavirus,Coronaviridae,ssRNA(+),29782,GenBank,complete,,,,United Kingdom:England,United Kingdom,,Homo sapiens,,2022-02-05,SAMEA113389689,PRJEB37886
OY706580,Severe acute respiratory syndrome coronavirus 2,,,"Yourgene Health, Citylabs 1.0, Nelson Street, Manchester, M13 9NQ",,2023-08-04,B.1.1.529,4.3.1/1.26/v0.1.12/0.3.19/0.6.2,,,Severe acute respiratory syndrome-related coronavirus,Betacoronavirus,Coronaviridae,ssRNA(+),29774,GenBank,complete,,,,United Kingdom:England,United Kingdom,,Homo sapiens,,2021-12-19,SAMEA113388245,PRJEB37886
OY706919,Severe acute respiratory syndrome coronavirus 2,,,"Yourgene Health, Citylabs 1.0, Nelson Street, Manchester, M13 9NQ",,2023-08-04,B.1.1.529,4.3.1/1.26/v0.1.12/0.3.19/0.6.2,,,Severe acute respiratory syndrome-related coronavirus,Betacoronavirus,Coronaviridae,ssRNA(+),29826,GenBank,complete,,,,United Kingdom:England,United Kingdom,,Homo sapiens,,2022-02-05,SAMEA113387968,PRJEB37886
OY707012,Severe acute respiratory syndrome coronavirus 2,,,"Yourgene Health, Citylabs 1.0, Nelson Street, Manchester, M13 9NQ",,2023-08-04,B.1.1.529,4.3.1/1.26/v0.1.12/0.3.19/0.6.2,,,Severe acute respiratory syndrome-related coronavirus,Betacoronavirus,Coronaviridae,ssRNA(+),29723,GenBank,complete,,,,United Kingdom:England,United Kingdom,,Homo sapiens,,2022-02-05,SAMEA113389959,PRJEB37886
OY707068,Severe acute respiratory syndrome coronavirus 2,,,"Yourgene Health, Citylabs 1.0, Nelson Street, Manchester, M13 9NQ",,2023-08-04,B.1.1.529,4.3.1/1.26/v0.1.12/0.3.19/0.6.2,,,Severe acute respiratory syndrome-related coronavirus,Betacoronavirus,Coronaviridae,ssRNA(+),29754,GenBank,complete,,,,United Kingdom:England,United Kingdom,,Homo sapiens,,2022-02-05,SAMEA113389811,PRJEB37886
OY707854,Severe acute respiratory syndrome coronavirus 2,,,"Yourgene Health, Citylabs 1.0, Nelson Street, Manchester, M13 9NQ",,2023-08-04,B.1.1.529,4.3.1/1.26/v0.1.12/0.3.19/0.6.2,,,Severe acute respiratory syndrome-related coronavirus,Betacoronavirus,Coronaviridae,ssRNA(+),29796,GenBank,complete,,,,United Kingdom:England,United Kingdom,,Homo sapiens,,2022-02-03,SAMEA113388530,PRJEB37886
OY708448,Severe acute respiratory syndrome coronavirus 2,,,"Yourgene Health, Citylabs 1.0, Nelson Street, Manchester, M13 9NQ",,2023-08-04,B.1.1.529,4.3.1/1.26/v0.1.12/0.3.19/0.6.2,,,Severe acute respiratory syndrome-related coronavirus,Betacoronavirus,Coronaviridae,ssRNA(+),29784,GenBank,complete,,,,United Kingdom:England,United Kingdom,,Homo sapiens,,2022-02-05,SAMEA113391473,PRJEB37886
OY708695,Severe acute respiratory syndrome coronavirus 2,,,"Yourgene Health, Citylabs 1.0, Nelson Street, Manchester, M13 9NQ",,2023-08-04,B.1.1.529,4.3.1/1.26/v0.1.12/0.3.19/0.6.2,,,Severe acute respiratory syndrome-related coronavirus,Betacoronavirus,Coronaviridae,ssRNA(+),29860,GenBank,complete,,,,United Kingdom:England,United Kingdom,,Homo sapiens,,2022-02-09,SAMEA113390880,PRJEB37886
OY708749,Severe acute respiratory syndrome coronavirus 2,,,"Yourgene Health, Citylabs 1.0, Nelson Street, Manchester, M13 9NQ",,2023-08-04,B.1.1.529,4.3.1/1.26/v0.1.12/0.3.19/0.6.2,,,Severe acute respiratory syndrome-related coronavirus,Betacoronavirus,Coronaviridae,ssRNA(+),29822,GenBank,complete,,,,United Kingdom:England,United Kingdom,,Homo sapiens,,2022-01-08,SAMEA113390148,PRJEB37886
OY708816,Severe acute respiratory syndrome coronavirus 2,,,"Yourgene Health, Citylabs 1.0, Nelson Street, Manchester, M13 9NQ",,2023-08-04,B.1.1.529,4.3.1/1.26/v0.1.12/0.3.19/0.6.2,,,Severe acute respiratory syndrome-related coronavirus,Betacoronavirus,Coronaviridae,ssRNA(+),29841,GenBank,complete,,,,United Kingdom:England,United Kingdom,,Homo sapiens,,2022-02-05,SAMEA113392751,PRJEB37886
OY708863,Severe acute respiratory syndrome coronavirus 2,,,"Yourgene Health, Citylabs 1.0, Nelson Street, Manchester, M13 9NQ",,2023-08-04,B.1.1.529,4.3.1/1.26/v0.1.12/0.3.19/0.6.2,,,Severe acute respiratory syndrome-related coronavirus,Betacoronavirus,Coronaviridae,ssRNA(+),29782,GenBank,complete,,,,United Kingdom:England,United Kingdom,,Homo sapiens,,2022-02-05,SAMEA113391347,PRJEB37886
OY709877,Severe acute respiratory syndrome coronavirus 2,,,"Yourgene Health, Citylabs 1.0, Nelson Street, Manchester, M13 9NQ",,2023-08-04,B.1.1.529,4.3.1/1.26/v0.1.12/0.3.19/0.6.2,,,Severe acute respiratory syndrome-related coronavirus,Betacoronavirus,Coronaviridae,ssRNA(+),29805,GenBank,complete,,,,United Kingdom:England,United Kingdom,,Homo sapiens,,2022-01-03,SAMEA113390383,PRJEB37886
OY709960,Severe acute respiratory syndrome coronavirus 2,,,"Yourgene Health, Citylabs 1.0, Nelson Street, Manchester, M13 9NQ",,2023-08-04,B.1.1.529,4.3.1/1.26/v0.1.12/0.3.19/0.6.2,,,Severe acute respiratory syndrome-related coronavirus,Betacoronavirus,Coronaviridae,ssRNA(+),29801,GenBank,complete,,,,United Kingdom:England,United Kingdom,,Homo sapiens,,2022-02-05,SAMEA113391709,PRJEB37886
OY710029,Severe acute respiratory syndrome coronavirus 2,,,"Yourgene Health, Citylabs 1.0, Nelson Street, Manchester, M13 9NQ",,2023-08-04,B.1.1.529,4.3.1/1.26/v0.1.12/0.3.19/0.6.2,,,Severe acute respiratory syndrome-related coronavirus,Betacoronavirus,Coronaviridae,ssRNA(+),29773,GenBank,complete,,,,United Kingdom:England,United Kingdom,,Homo sapiens,,2022-01-04,SAMEA113392510,PRJEB37886
OY710096,Severe acute respiratory syndrome coronavirus 2,,,"Yourgene Health, Citylabs 1.0, Nelson Street, Manchester, M13 9NQ",,2023-08-04,B.1.1.529,4.3.1/1.26/v0.1.12/0.3.19/0.6.2,,,Severe acute respiratory syndrome-related coronavirus,Betacoronavirus,Coronaviridae,ssRNA(+),29774,GenBank,complete,,,,United Kingdom:England,United Kingdom,,Homo sapiens,,2022-02-05,SAMEA113392088,PRJEB37886
OY710390,Severe acute respiratory syndrome coronavirus 2,,,"Yourgene Health, Citylabs 1.0, Nelson Street, Manchester, M13 9NQ",,2023-08-04,B.1.1.529,4.3.1/1.26/v0.1.12/0.3.19/0.6.2,,,Severe acute respiratory syndrome-related coronavirus,Betacoronavirus,Coronaviridae,ssRNA(+),29861,GenBank,complete,,,,United Kingdom:England,United Kingdom,,Homo sapiens,,2022-02-02,SAMEA113392406,PRJEB37886
OY710889,Severe acute respiratory syndrome coronavirus 2,,,"Yourgene Health, Citylabs 1.0, Nelson Street, Manchester, M13 9NQ",,2023-08-04,B.1.1.529,4.3.1/1.26/v0.1.12/0.3.19/0.6.2,,,Severe acute respiratory syndrome-related coronavirus,Betacoronavirus,Coronaviridae,ssRNA(+),29884,GenBank,complete,,,,United Kingdom:England,United Kingdom,,Homo sapiens,,2022-02-03,SAMEA113392524,PRJEB37886
OY711199,Severe acute respiratory syndrome coronavirus 2,,,"Yourgene Health, Citylabs 1.0, Nelson Street, Manchester, M13 9NQ",,2023-08-04,B.1.1.529,4.3.1/1.26/v0.1.12/0.3.19/0.6.2,,,Severe acute respiratory syndrome-related coronavirus,Betacoronavirus,Coronaviridae,ssRNA(+),29800,GenBank,complete,,,,United Kingdom:England,United Kingdom,,Homo sapiens,,2021-12-19,SAMEA113393982,PRJEB37886
OY711732,Severe acute respiratory syndrome coronavirus 2,,,"Yourgene Health, Citylabs 1.0, Nelson Street, Manchester, M13 9NQ",,2023-08-04,B.1.1.529,4.3.1/1.26/v0.1.12/0.3.19/0.6.2,,,Severe acute respiratory syndrome-related coronavirus,Betacoronavirus,Coronaviridae,ssRNA(+),29779,GenBank,complete,,,,United Kingdom:England,United Kingdom,,Homo sapiens,,2022-02-05,SAMEA113395604,PRJEB37886
OY712492,Severe acute respiratory syndrome coronavirus 2,,,"Yourgene Health, Citylabs 1.0, Nelson Street, Manchester, M13 9NQ",,2023-08-04,B.1.1.529,4.3.1/1.26/v0.1.12/0.3.19/0.6.2,,,Severe acute respiratory syndrome-related coronavirus,Betacoronavirus,Coronaviridae,ssRNA(+),29847,GenBank,complete,,,,United Kingdom:England,United Kingdom,,Homo sapiens,,2022-02-03,SAMEA113395923,PRJEB37886
OY712587,Severe acute respiratory syndrome coronavirus 2,,,"Yourgene Health, Citylabs 1.0, Nelson Street, Manchester, M13 9NQ",,2023-08-04,B.1.1.529,4.3.1/1.26/v0.1.12/0.3.19/0.6.2,,,Severe acute respiratory syndrome-related coronavirus,Betacoronavirus,Coronaviridae,ssRNA(+),29773,GenBank,complete,,,,United Kingdom:England,United Kingdom,,Homo sapiens,,2022-02-05,SAMEA113395441,PRJEB37886
OY712654,Severe acute respiratory syndrome coronavirus 2,,,"Yourgene Health, Citylabs 1.0, Nelson Street, Manchester, M13 9NQ",,2023-08-04,B.1.1.529,4.3.1/1.26/v0.1.12/0.3.19/0.6.2,,,Severe acute respiratory syndrome-related coronavirus,Betacoronavirus,Coronaviridae,ssRNA(+),29806,GenBank,complete,,,,United Kingdom:England,United Kingdom,,Homo sapiens,,2021-12-25,SAMEA113393667,PRJEB37886
OY713360,Severe acute respiratory syndrome coronavirus 2,,,"Yourgene Health, Citylabs 1.0, Nelson Street, Manchester, M13 9NQ",,2023-08-04,B.1.1.529,4.3.1/1.26/v0.1.12/0.3.19/0.6.2,,,Severe acute respiratory syndrome-related coronavirus,Betacoronavirus,Coronaviridae,ssRNA(+),29773,GenBank,complete,,,,United Kingdom:England,United Kingdom,,Homo sapiens,,2022-01-03,SAMEA113396074,PRJEB37886
OY713488,Severe acute respiratory syndrome coronavirus 2,,,"Yourgene Health, Citylabs 1.0, Nelson Street, Manchester, M13 9NQ",,2023-08-04,B.1.1.529,4.3.1/1.26/v0.1.12/0.3.19/0.6.2,,,Severe acute respiratory syndrome-related coronavirus,Betacoronavirus,Coronaviridae,ssRNA(+),29773,GenBank,complete,,,,United Kingdom:England,United Kingdom,,Homo sapiens,,2022-01-31,SAMEA113394420,PRJEB37886
OY671441,Severe acute respiratory syndrome coronavirus 2,,,"Suite 2, The Newnham Building, Chesterford Research Park, CB10 1XL",,2023-08-03,B.1.1.529,4.3.1/1.26/v0.1.12/0.3.19/0.6.2,,,Severe acute respiratory syndrome-related coronavirus,Betacoronavirus,Coronaviridae,ssRNA(+),29772,GenBank,complete,,,,United Kingdom:England,United Kingdom,,Homo sapiens,,2021-12-31,SAMEA113354697,PRJEB37886
OY671490,Severe acute respiratory syndrome coronavirus 2,,,"Yourgene Health, Citylabs 1.0, Nelson Street, Manchester, M13 9NQ",,2023-08-03,B.1.1.529,4.3.1/1.26/v0.1.12/0.3.19/0.6.2,,,Severe acute respiratory syndrome-related coronavirus,Betacoronavirus,Coronaviridae,ssRNA(+),29814,GenBank,complete,,,,United Kingdom:England,United Kingdom,,Homo sapiens,,2022-01-13,SAMEA113354583,PRJEB37886
OY671587,Severe acute respiratory syndrome coronavirus 2,,,"Yourgene Health, Citylabs 1.0, Nelson Street, Manchester, M13 9NQ",,2023-08-03,B.1.1.529,4.3.1/1.26/v0.1.12/0.3.19/0.6.2,,,Severe acute respiratory syndrome-related coronavirus,Betacoronavirus,Coronaviridae,ssRNA(+),29885,GenBank,complete,,,,United Kingdom:England,United Kingdom,,Homo sapiens,,2022-01-20,SAMEA113353980,PRJEB37886
OY671888,Severe acute respiratory syndrome coronavirus 2,,,"Yourgene Health, Citylabs 1.0, Nelson Street, Manchester, M13 9NQ",,2023-08-03,B.1.1.529,4.3.1/1.26/v0.1.12/0.3.19/0.6.2,,,Severe acute respiratory syndrome-related coronavirus,Betacoronavirus,Coronaviridae,ssRNA(+),29800,GenBank,complete,,,,United Kingdom:England,United Kingdom,,Homo sapiens,,2022-02-04,SAMEA113355070,PRJEB37886
OY672198,Severe acute respiratory syndrome coronavirus 2,,,"Yourgene Health, Citylabs 1.0, Nelson Street, Manchester, M13 9NQ",,2023-08-03,B.1.1.529,4.3.1/1.26/v0.1.12/0.3.19/0.6.2,,,Severe acute respiratory syndrome-related coronavirus,Betacoronavirus,Coronaviridae,ssRNA(+),29773,GenBank,complete,,,,United Kingdom:England,United Kingdom,,Homo sapiens,,2021-12-21,SAMEA113354212,PRJEB37886
OY672740,Severe acute respiratory syndrome coronavirus 2,,,"Yourgene Health, Citylabs 1.0, Nelson Street, Manchester, M13 9NQ",,2023-08-03,B.1.1.529,4.3.1/1.26/v0.1.12/0.3.19/0.6.2,,,Severe acute respiratory syndrome-related coronavirus,Betacoronavirus,Coronaviridae,ssRNA(+),29773,GenBank,complete,,,,United Kingdom:England,United Kingdom,,Homo sapiens,,2022-02-05,SAMEA113354713,PRJEB37886
OY672794,Severe acute respiratory syndrome coronavirus 2,,,"Yourgene Health, Citylabs 1.0, Nelson Street, Manchester, M13 9NQ",,2023-08-03,B.1.1.529,4.3.1/1.26/v0.1.12/0.3.19/0.6.2,,,Severe acute respiratory syndrome-related coronavirus,Betacoronavirus,Coronaviridae,ssRNA(+),29798,GenBank,complete,,,,United Kingdom:England,United Kingdom,,Homo sapiens,,2022-02-05,SAMEA113354374,PRJEB37886
OY673844,Severe acute respiratory syndrome coronavirus 2,,,"Yourgene Health, Citylabs 1.0, Nelson Street, Manchester, M13 9NQ",,2023-08-03,B.1.1.529,4.3.1/1.26/v0.1.12/0.3.19/0.6.2,,,Severe acute respiratory syndrome-related coronavirus,Betacoronavirus,Coronaviridae,ssRNA(+),29832,GenBank,complete,,,,United Kingdom:England,United Kingdom,,Homo sapiens,,2022-02-03,SAMEA113357454,PRJEB37886
OY674086,Severe acute respiratory syndrome coronavirus 2,,,"Yourgene Health, Citylabs 1.0, Nelson Street, Manchester, M13 9NQ",,2023-08-03,B.1.1.529,4.3.1/1.26/v0.1.12/0.3.19/0.6.2,,,Severe acute respiratory syndrome-related coronavirus,Betacoronavirus,Coronaviridae,ssRNA(+),29842,GenBank,complete,,,,United Kingdom:England,United Kingdom,,Homo sapiens,,2022-02-05,SAMEA113357122,PRJEB37886
OY674515,Severe acute respiratory syndrome coronavirus 2,,,"Suite 2, The Newnham Building, Chesterford Research Park, CB10 1XL",,2023-08-03,B.1.1.529,4.3.1/1.26/v0.1.12/0.3.19/0.6.2,,,Severe acute respiratory syndrome-related coronavirus,Betacoronavirus,Coronaviridae,ssRNA(+),29783,GenBank,complete,,,,United Kingdom:England,United Kingdom,,Homo sapiens,,2022-02-10,SAMEA113359160,PRJEB37886
OY674685,Severe acute respiratory syndrome coronavirus 2,,,"Yourgene Health, Citylabs 1.0, Nelson Street, Manchester, M13 9NQ",,2023-08-03,B.1.1.529,4.3.1/1.26/v0.1.12/0.3.19/0.6.2,,,Severe acute respiratory syndrome-related coronavirus,Betacoronavirus,Coronaviridae,ssRNA(+),29797,GenBank,complete,,,,United Kingdom:England,United Kingdom,,Homo sapiens,,2022-02-12,SAMEA113356416,PRJEB37886
OY674699,Severe acute respiratory syndrome coronavirus 2,,,"Yourgene Health, Citylabs 1.0, Nelson Street, Manchester, M13 9NQ",,2023-08-03,B.1.1.529,4.3.1/1.26/v0.1.12/0.3.19/0.6.2,,,Severe acute respiratory syndrome-related coronavirus,Betacoronavirus,Coronaviridae,ssRNA(+),29773,GenBank,complete,,,,United Kingdom:England,United Kingdom,,Homo sapiens,,2022-02-05,SAMEA113356786,PRJEB37886
OY674850,Severe acute respiratory syndrome coronavirus 2,,,"Yourgene Health, Citylabs 1.0, Nelson Street, Manchester, M13 9NQ",,2023-08-03,B.1.1.529,4.3.1/1.26/v0.1.12/0.3.19/0.6.2,,,Severe acute respiratory syndrome-related coronavirus,Betacoronavirus,Coronaviridae,ssRNA(+),29732,GenBank,complete,,,,United Kingdom:England,United Kingdom,,Homo sapiens,,2022-02-05,SAMEA113356352,PRJEB37886
OY675564,Severe acute respiratory syndrome coronavirus 2,,,"Yourgene Health, Citylabs 1.0, Nelson Street, Manchester, M13 9NQ",,2023-08-03,B.1.1.529,4.3.1/1.26/v0.1.12/0.3.19/0.6.2,,,Severe acute respiratory syndrome-related coronavirus,Betacoronavirus,Coronaviridae,ssRNA(+),29773,GenBank,complete,,,,United Kingdom:England,United Kingdom,,Homo sapiens,,2022-02-03,SAMEA113356046,PRJEB37886
OY675613,Severe acute respiratory syndrome coronavirus 2,,,"Yourgene Health, Citylabs 1.0, Nelson Street, Manchester, M13 9NQ",,2023-08-03,B.1.1.529,4.3.1/1.26/v0.1.12/0.3.19/0.6.2,,,Severe acute respiratory syndrome-related coronavirus,Betacoronavirus,Coronaviridae,ssRNA(+),29708,GenBank,complete,,,,United Kingdom:England,United Kingdom,,Homo sapiens,,2022-02-03,SAMEA113358734,PRJEB37886
OY675654,Severe acute respiratory syndrome coronavirus 2,,,"Yourgene Health, Citylabs 1.0, Nelson Street, Manchester, M13 9NQ",,2023-08-03,B.1.1.529,4.3.1/1.26/v0.1.12/0.3.19/0.6.2,,,Severe acute respiratory syndrome-related coronavirus,Betacoronavirus,Coronaviridae,ssRNA(+),29842,GenBank,complete,,,,United Kingdom:England,United Kingdom,,Homo sapiens,,2022-02-05,SAMEA113358724,PRJEB37886
OY675882,Severe acute respiratory syndrome coronavirus 2,,,"Yourgene Health, Citylabs 1.0, Nelson Street, Manchester, M13 9NQ",,2023-08-03,B.1.1.529,4.3.1/1.26/v0.1.12/0.3.19/0.6.2,,,Severe acute respiratory syndrome-related coronavirus,Betacoronavirus,Coronaviridae,ssRNA(+),29773,GenBank,complete,,,,United Kingdom:England,United Kingdom,,Homo sapiens,,2022-02-05,SAMEA113357255,PRJEB37886
OY676089,Severe acute respiratory syndrome coronavirus 2,,,"Yourgene Health, Citylabs 1.0, Nelson Street, Manchester, M13 9NQ",,2023-08-03,B.1.1.529,4.3.1/1.26/v0.1.12/0.3.19/0.6.2,,,Severe acute respiratory syndrome-related coronavirus,Betacoronavirus,Coronaviridae,ssRNA(+),29773,GenBank,complete,,,,United Kingdom:England,United Kingdom,,Homo sapiens,,2022-02-05,SAMEA113357677,PRJEB37886
OY676581,Severe acute respiratory syndrome coronavirus 2,,,"Yourgene Health, Citylabs 1.0, Nelson Street, Manchester, M13 9NQ",,2023-08-03,B.1.1.529,4.3.1/1.26/v0.1.12/0.3.19/0.6.2,,,Severe acute respiratory syndrome-related coronavirus,Betacoronavirus,Coronaviridae,ssRNA(+),29796,GenBank,complete,,,,United Kingdom:England,United Kingdom,,Homo sapiens,,2022-02-12,SAMEA113357034,PRJEB37886
OY676692,Severe acute respiratory syndrome coronavirus 2,,,"Suite 2, The Newnham Building, Chesterford Research Park, CB10 1XL",,2023-08-03,B.1.1.529,4.3.1/1.26/v0.1.12/0.3.19/0.6.2,,,Severe acute respiratory syndrome-related coronavirus,Betacoronavirus,Coronaviridae,ssRNA(+),29766,GenBank,complete,,,,United Kingdom:England,United Kingdom,,Homo sapiens,,2021-12-28,SAMEA113357033,PRJEB37886
OY676786,Severe acute respiratory syndrome coronavirus 2,,,"Yourgene Health, Citylabs 1.0, Nelson Street, Manchester, M13 9NQ",,2023-08-03,B.1.1.529,4.3.1/1.26/v0.1.12/0.3.19/0.6.2,,,Severe acute respiratory syndrome-related coronavirus,Betacoronavirus,Coronaviridae,ssRNA(+),29821,GenBank,complete,,,,United Kingdom:England,United Kingdom,,Homo sapiens,,2022-02-05,SAMEA113358546,PRJEB37886
OY676795,Severe acute respiratory syndrome coronavirus 2,,,"Suite 2, The Newnham Building, Chesterford Research Park, CB10 1XL",,2023-08-03,B.1.1.529,4.3.1/1.26/v0.1.12/0.3.19/0.6.2,,,Severe acute respiratory syndrome-related coronavirus,Betacoronavirus,Coronaviridae,ssRNA(+),29787,GenBank,complete,,,,United Kingdom:England,United Kingdom,,Homo sapiens,,2022-02-20,SAMEA113358917,PRJEB37886
OY677256,Severe acute respiratory syndrome coronavirus 2,,,"Yourgene Health, Citylabs 1.0, Nelson Street, Manchester, M13 9NQ",,2023-08-03,B.1.1.529,4.3.1/1.26/v0.1.12/0.3.19/0.6.2,,,Severe acute respiratory syndrome-related coronavirus,Betacoronavirus,Coronaviridae,ssRNA(+),29856,GenBank,complete,,,,United Kingdom:England,United Kingdom,,Homo sapiens,,2022-02-05,SAMEA113361168,PRJEB37886
OY677295,Severe acute respiratory syndrome coronavirus 2,,,"Yourgene Health, Citylabs 1.0, Nelson Street, Manchester, M13 9NQ",,2023-08-03,B.1.1.529,4.3.1/1.26/v0.1.12/0.3.19/0.6.2,,,Severe acute respiratory syndrome-related coronavirus,Betacoronavirus,Coronaviridae,ssRNA(+),29713,GenBank,complete,,,,United Kingdom:England,United Kingdom,,Homo sapiens,,2022-02-05,SAMEA113359393,PRJEB37886
OY677344,Severe acute respiratory syndrome coronavirus 2,,,"Yourgene Health, Citylabs 1.0, Nelson Street, Manchester, M13 9NQ",,2023-08-03,B.1.1.529,4.3.1/1.26/v0.1.12/0.3.19/0.6.2,,,Severe acute respiratory syndrome-related coronavirus,Betacoronavirus,Coronaviridae,ssRNA(+),29737,GenBank,complete,,,,United Kingdom:England,United Kingdom,,Homo sapiens,,2022-02-05,SAMEA113359892,PRJEB37886
OY677373,Severe acute respiratory syndrome coronavirus 2,,,"Yourgene Health, Citylabs 1.0, Nelson Street, Manchester, M13 9NQ",,2023-08-03,B.1.1.529,4.3.1/1.26/v0.1.12/0.3.19/0.6.2,,,Severe acute respiratory syndrome-related coronavirus,Betacoronavirus,Coronaviridae,ssRNA(+),29818,GenBank,complete,,,,United Kingdom:England,United Kingdom,,Homo sapiens,,2022-02-05,SAMEA113359747,PRJEB37886
OY677628,Severe acute respiratory syndrome coronavirus 2,,,"Yourgene Health, Citylabs 1.0, Nelson Street, Manchester, M13 9NQ",,2023-08-03,B.1.1.529,4.3.1/1.26/v0.1.12/0.3.19/0.6.2,,,Severe acute respiratory syndrome-related coronavirus,Betacoronavirus,Coronaviridae,ssRNA(+),29773,GenBank,complete,,,,United Kingdom:England,United Kingdom,,Homo sapiens,,2022-02-05,SAMEA113362977,PRJEB37886
OY677780,Severe acute respiratory syndrome coronavirus 2,,,"Yourgene Health, Citylabs 1.0, Nelson Street, Manchester, M13 9NQ",,2023-08-03,B.1.1.529,4.3.1/1.26/v0.1.12/0.3.19/0.6.2,,,Severe acute respiratory syndrome-related coronavirus,Betacoronavirus,Coronaviridae,ssRNA(+),29773,GenBank,complete,,,,United Kingdom:England,United Kingdom,,Homo sapiens,,2022-01-04,SAMEA113361850,PRJEB37886
OY678120,Severe acute respiratory syndrome coronavirus 2,,,"Yourgene Health, Citylabs 1.0, Nelson Street, Manchester, M13 9NQ",,2023-08-03,B.1.1.529,4.3.1/1.26/v0.1.12/0.3.19/0.6.2,,,Severe acute respiratory syndrome-related coronavirus,Betacoronavirus,Coronaviridae,ssRNA(+),29791,GenBank,complete,,,,United Kingdom:England,United Kingdom,,Homo sapiens,,2022-01-16,SAMEA113362063,PRJEB37886
OY680046,Severe acute respiratory syndrome coronavirus 2,,,"Yourgene Health, Citylabs 1.0, Nelson Street, Manchester, M13 9NQ",,2023-08-03,B.1.1.529,4.3.1/1.26/v0.1.12/0.3.19/0.6.2,,,Severe acute respiratory syndrome-related coronavirus,Betacoronavirus,Coronaviridae,ssRNA(+),29800,GenBank,complete,,,,United Kingdom:England,United Kingdom,,Homo sapiens,,2022-01-07,SAMEA113361404,PRJEB37886
OY680183,Severe acute respiratory syndrome coronavirus 2,,,"Yourgene Health, Citylabs 1.0, Nelson Street, Manchester, M13 9NQ",,2023-08-03,B.1.1.529,4.3.1/1.26/v0.1.12/0.3.19/0.6.2,,,Severe acute respiratory syndrome-related coronavirus,Betacoronavirus,Coronaviridae,ssRNA(+),29800,GenBank,complete,,,,United Kingdom:England,United Kingdom,,Homo sapiens,,2022-02-03,SAMEA113361847,PRJEB37886
OY680300,Severe acute respiratory syndrome coronavirus 2,,,"Yourgene Health, Citylabs 1.0, Nelson Street, Manchester, M13 9NQ",,2023-08-03,B.1.1.529,4.3.1/1.26/v0.1.12/0.3.19/0.6.2,,,Severe acute respiratory syndrome-related coronavirus,Betacoronavirus,Coronaviridae,ssRNA(+),29912,GenBank,complete,,,,United Kingdom:England,United Kingdom,,Homo sapiens,,2022-01-31,SAMEA113362189,PRJEB37886
OY680339,Severe acute respiratory syndrome coronavirus 2,,,"Yourgene Health, Citylabs 1.0, Nelson Street, Manchester, M13 9NQ",,2023-08-03,B.1.1.529,4.3.1/1.26/v0.1.12/0.3.19/0.6.2,,,Severe acute respiratory syndrome-related coronavirus,Betacoronavirus,Coronaviridae,ssRNA(+),29773,GenBank,complete,,,,United Kingdom:England,United Kingdom,,Homo sapiens,,2022-02-05,SAMEA113362574,PRJEB37886
OY680349,Severe acute respiratory syndrome coronavirus 2,,,"Yourgene Health, Citylabs 1.0, Nelson Street, Manchester, M13 9NQ",,2023-08-03,B.1.1.529,4.3.1/1.26/v0.1.12/0.3.19/0.6.2,,,Severe acute respiratory syndrome-related coronavirus,Betacoronavirus,Coronaviridae,ssRNA(+),29800,GenBank,complete,,,,United Kingdom:England,United Kingdom,,Homo sapiens,,2022-02-25,SAMEA113360776,PRJEB37886
OY680883,Severe acute respiratory syndrome coronavirus 2,,,"Yourgene Health, Citylabs 1.0, Nelson Street, Manchester, M13 9NQ",,2023-08-03,B.1.1.529,4.3.1/1.26/v0.1.12/0.3.19/0.6.2,,,Severe acute respiratory syndrome-related coronavirus,Betacoronavirus,Coronaviridae,ssRNA(+),29776,GenBank,complete,,,,United Kingdom:England,United Kingdom,,Homo sapiens,,2022-02-05,SAMEA113364300,PRJEB37886
OY680885,Severe acute respiratory syndrome coronavirus 2,,,"Yourgene Health, Citylabs 1.0, Nelson Street, Manchester, M13 9NQ",,2023-08-03,B.1.1.529,4.3.1/1.26/v0.1.12/0.3.19/0.6.2,,,Severe acute respiratory syndrome-related coronavirus,Betacoronavirus,Coronaviridae,ssRNA(+),29774,GenBank,complete,,,,United Kingdom:England,United Kingdom,,Homo sapiens,,2022-02-05,SAMEA113364311,PRJEB37886
OY680910,Severe acute respiratory syndrome coronavirus 2,,,"Yourgene Health, Citylabs 1.0, Nelson Street, Manchester, M13 9NQ",,2023-08-03,B.1.1.529,4.3.1/1.26/v0.1.12/0.3.19/0.6.2,,,Severe acute respiratory syndrome-related coronavirus,Betacoronavirus,Coronaviridae,ssRNA(+),29832,GenBank,complete,,,,United Kingdom:England,United Kingdom,,Homo sapiens,,2022-02-05,SAMEA113366740,PRJEB37886
OY680987,Severe acute respiratory syndrome coronavirus 2,,,"Yourgene Health, Citylabs 1.0, Nelson Street, Manchester, M13 9NQ",,2023-08-03,B.1.1.529,4.3.1/1.26/v0.1.12/0.3.19/0.6.2,,,Severe acute respiratory syndrome-related coronavirus,Betacoronavirus,Coronaviridae,ssRNA(+),29832,GenBank,complete,,,,United Kingdom:England,United Kingdom,,Homo sapiens,,2022-02-05,SAMEA113364247,PRJEB37886
OY681368,Severe acute respiratory syndrome coronavirus 2,,,"Yourgene Health, Citylabs 1.0, Nelson Street, Manchester, M13 9NQ",,2023-08-03,B.1.1.529,4.3.1/1.26/v0.1.12/0.3.19/0.6.2,,,Severe acute respiratory syndrome-related coronavirus,Betacoronavirus,Coronaviridae,ssRNA(+),29774,GenBank,complete,,,,United Kingdom:England,United Kingdom,,Homo sapiens,,2022-02-23,SAMEA113363425,PRJEB37886
OY681485,Severe acute respiratory syndrome coronavirus 2,,,"Yourgene Health, Citylabs 1.0, Nelson Street, Manchester, M13 9NQ",,2023-08-03,B.1.1.529,4.3.1/1.26/v0.1.12/0.3.19/0.6.2,,,Severe acute respiratory syndrome-related coronavirus,Betacoronavirus,Coronaviridae,ssRNA(+),29773,GenBank,complete,,,,United Kingdom:England,United Kingdom,,Homo sapiens,,2022-02-05,SAMEA113364291,PRJEB37886
OY682273,Severe acute respiratory syndrome coronavirus 2,,,"Suite 2, The Newnham Building, Chesterford Research Park, CB10 1XL",,2023-08-03,B.1.1.529,4.3.1/1.26/v0.1.12/0.3.19/0.6.2,,,Severe acute respiratory syndrome-related coronavirus,Betacoronavirus,Coronaviridae,ssRNA(+),29768,GenBank,complete,,,,United Kingdom:England,United Kingdom,,Homo sapiens,,2021-12-29,SAMEA113367134,PRJEB37886
OY682303,Severe acute respiratory syndrome coronavirus 2,,,"Yourgene Health, Citylabs 1.0, Nelson Street, Manchester, M13 9NQ",,2023-08-03,B.1.1.529,4.3.1/1.26/v0.1.12/0.3.19/0.6.2,,,Severe acute respiratory syndrome-related coronavirus,Betacoronavirus,Coronaviridae,ssRNA(+),29802,GenBank,complete,,,,United Kingdom:England,United Kingdom,,Homo sapiens,,2022-02-05,SAMEA113366900,PRJEB37886
OY683286,Severe acute respiratory syndrome coronavirus 2,,,"Yourgene Health, Citylabs 1.0, Nelson Street, Manchester, M13 9NQ",,2023-08-03,B.1.1.529,4.3.1/1.26/v0.1.12/0.3.19/0.6.2,,,Severe acute respiratory syndrome-related coronavirus,Betacoronavirus,Coronaviridae,ssRNA(+),29771,GenBank,complete,,,,United Kingdom:England,United Kingdom,,Homo sapiens,,2022-02-03,SAMEA113365240,PRJEB37886
OY683595,Severe acute respiratory syndrome coronavirus 2,,,"Yourgene Health, Citylabs 1.0, Nelson Street, Manchester, M13 9NQ",,2023-08-03,B.1.1.529,4.3.1/1.26/v0.1.12/0.3.19/0.6.2,,,Severe acute respiratory syndrome-related coronavirus,Betacoronavirus,Coronaviridae,ssRNA(+),29773,GenBank,complete,,,,United Kingdom:England,United Kingdom,,Homo sapiens,,2022-01-01,SAMEA113365246,PRJEB37886
OY683885,Severe acute respiratory syndrome coronavirus 2,,,"Yourgene Health, Citylabs 1.0, Nelson Street, Manchester, M13 9NQ",,2023-08-03,B.1.1.529,4.3.1/1.26/v0.1.12/0.3.19/0.6.2,,,Severe acute respiratory syndrome-related coronavirus,Betacoronavirus,Coronaviridae,ssRNA(+),29755,GenBank,complete,,,,United Kingdom:England,United Kingdom,,Homo sapiens,,2022-02-01,SAMEA113366007,PRJEB37886
OY684080,Severe acute respiratory syndrome coronavirus 2,,,"Yourgene Health, Citylabs 1.0, Nelson Street, Manchester, M13 9NQ",,2023-08-03,B.1.1.529,4.3.1/1.26/v0.1.12/0.3.19/0.6.2,,,Severe acute respiratory syndrome-related coronavirus,Betacoronavirus,Coronaviridae,ssRNA(+),29808,GenBank,complete,,,,United Kingdom:England,United Kingdom,,Homo sapiens,,2021-10-31,SAMEA113365046,PRJEB37886
OY684345,Severe acute respiratory syndrome coronavirus 2,,,"Yourgene Health, Citylabs 1.0, Nelson Street, Manchester, M13 9NQ",,2023-08-03,B.1.1.529,4.3.1/1.26/v0.1.12/0.3.19/0.6.2,,,Severe acute respiratory syndrome-related coronavirus,Betacoronavirus,Coronaviridae,ssRNA(+),29835,GenBank,complete,,,,United Kingdom:England,United Kingdom,,Homo sapiens,,2022-02-05,SAMEA113366150,PRJEB37886
OY684544,Severe acute respiratory syndrome coronavirus 2,,,"Yourgene Health, Citylabs 1.0, Nelson Street, Manchester, M13 9NQ",,2023-08-03,B.1.1.529,4.3.1/1.26/v0.1.12/0.3.19/0.6.2,,,Severe acute respiratory syndrome-related coronavirus,Betacoronavirus,Coronaviridae,ssRNA(+),29825,GenBank,complete,,,,United Kingdom:England,United Kingdom,,Homo sapiens,,2022-02-03,SAMEA113363402,PRJEB37886
OY684643,Severe acute respiratory syndrome coronavirus 2,,,"Yourgene Health, Citylabs 1.0, Nelson Street, Manchester, M13 9NQ",,2023-08-03,B.1.1.529,4.3.1/1.26/v0.1.12/0.3.19/0.6.2,,,Severe acute respiratory syndrome-related coronavirus,Betacoronavirus,Coronaviridae,ssRNA(+),29773,GenBank,complete,,,,United Kingdom:England,United Kingdom,,Homo sapiens,,2022-01-02,SAMEA113363838,PRJEB37886
OY684911,Severe acute respiratory syndrome coronavirus 2,,,"Yourgene Health, Citylabs 1.0, Nelson Street, Manchester, M13 9NQ",,2023-08-03,B.1.1.529,4.3.1/1.26/v0.1.12/0.3.19/0.6.2,,,Severe acute respiratory syndrome-related coronavirus,Betacoronavirus,Coronaviridae,ssRNA(+),29774,GenBank,complete,,,,United Kingdom:England,United Kingdom,,Homo sapiens,,2022-01-06,SAMEA113369008,PRJEB37886
OY685096,Severe acute respiratory syndrome coronavirus 2,,,"Suite 2, The Newnham Building, Chesterford Research Park, CB10 1XL",,2023-08-03,B.1.1.529,4.3.1/1.26/v0.1.12/0.3.19/0.6.2,,,Severe acute respiratory syndrome-related coronavirus,Betacoronavirus,Coronaviridae,ssRNA(+),29770,GenBank,complete,,,,United Kingdom:England,United Kingdom,,Homo sapiens,,2022-01-08,SAMEA113368817,PRJEB37886
OY685101,Severe acute respiratory syndrome coronavirus 2,,,"Yourgene Health, Citylabs 1.0, Nelson Street, Manchester, M13 9NQ",,2023-08-03,B.1.1.529,4.3.1/1.26/v0.1.12/0.3.19/0.6.2,,,Severe acute respiratory syndrome-related coronavirus,Betacoronavirus,Coronaviridae,ssRNA(+),29856,GenBank,complete,,,,United Kingdom:England,United Kingdom,,Homo sapiens,,2022-02-03,SAMEA113370504,PRJEB37886
OY685304,Severe acute respiratory syndrome coronavirus 2,,,"Yourgene Health, Citylabs 1.0, Nelson Street, Manchester, M13 9NQ",,2023-08-03,B.1.1.529,4.3.1/1.26/v0.1.12/0.3.19/0.6.2,,,Severe acute respiratory syndrome-related coronavirus,Betacoronavirus,Coronaviridae,ssRNA(+),29797,GenBank,complete,,,,United Kingdom:England,United Kingdom,,Homo sapiens,,2022-02-25,SAMEA113370201,PRJEB37886
OY685406,Severe acute respiratory syndrome coronavirus 2,,,"Yourgene Health, Citylabs 1.0, Nelson Street, Manchester, M13 9NQ",,2023-08-03,B.1.1.529,4.3.1/1.26/v0.1.12/0.3.19/0.6.2,,,Severe acute respiratory syndrome-related coronavirus,Betacoronavirus,Coronaviridae,ssRNA(+),29832,GenBank,complete,,,,United Kingdom:England,United Kingdom,,Homo sapiens,,2022-02-05,SAMEA113369174,PRJEB37886
OY685537,Severe acute respiratory syndrome coronavirus 2,,,"Yourgene Health, Citylabs 1.0, Nelson Street, Manchester, M13 9NQ",,2023-08-03,B.1.1.529,4.3.1/1.26/v0.1.12/0.3.19/0.6.2,,,Severe acute respiratory syndrome-related coronavirus,Betacoronavirus,Coronaviridae,ssRNA(+),29885,GenBank,complete,,,,United Kingdom:England,United Kingdom,,Homo sapiens,,2022-02-05,SAMEA113368067,PRJEB37886
OY685653,Severe acute respiratory syndrome coronavirus 2,,,"Yourgene Health, Citylabs 1.0, Nelson Street, Manchester, M13 9NQ",,2023-08-03,B.1.1.529,4.3.1/1.26/v0.1.12/0.3.19/0.6.2,,,Severe acute respiratory syndrome-related coronavirus,Betacoronavirus,Coronaviridae,ssRNA(+),29773,GenBank,complete,,,,United Kingdom:England,United Kingdom,,Homo sapiens,,2022-02-05,SAMEA113368755,PRJEB37886
OY685951,Severe acute respiratory syndrome coronavirus 2,,,"Yourgene Health, Citylabs 1.0, Nelson Street, Manchester, M13 9NQ",,2023-08-03,B.1.1.529,4.3.1/1.26/v0.1.12/0.3.19/0.6.2,,,Severe acute respiratory syndrome-related coronavirus,Betacoronavirus,Coronaviridae,ssRNA(+),29802,GenBank,complete,,,,United Kingdom:England,United Kingdom,,Homo sapiens,,2022-02-05,SAMEA113363279,PRJEB37886
OY687157,Severe acute respiratory syndrome coronavirus 2,,,"Yourgene Health, Citylabs 1.0, Nelson Street, Manchester, M13 9NQ",,2023-08-03,B.1.1.529,4.3.1/1.26/v0.1.12/0.3.19/0.6.2,,,Severe acute respiratory syndrome-related coronavirus,Betacoronavirus,Coronaviridae,ssRNA(+),29797,GenBank,complete,,,,United Kingdom:England,United Kingdom,,Homo sapiens,,2022-01-29,SAMEA113369083,PRJEB37886
OY687190,Severe acute respiratory syndrome coronavirus 2,,,"Yourgene Health, Citylabs 1.0, Nelson Street, Manchester, M13 9NQ",,2023-08-03,B.1.1.529,4.3.1/1.26/v0.1.12/0.3.19/0.6.2,,,Severe acute respiratory syndrome-related coronavirus,Betacoronavirus,Coronaviridae,ssRNA(+),29774,GenBank,complete,,,,United Kingdom:England,United Kingdom,,Homo sapiens,,2022-01-05,SAMEA113369047,PRJEB37886
OY687243,Severe acute respiratory syndrome coronavirus 2,,,"Yourgene Health, Citylabs 1.0, Nelson Street, Manchester, M13 9NQ",,2023-08-03,B.1.1.529,4.3.1/1.26/v0.1.12/0.3.19/0.6.2,,,Severe acute respiratory syndrome-related coronavirus,Betacoronavirus,Coronaviridae,ssRNA(+),29823,GenBank,complete,,,,United Kingdom:England,United Kingdom,,Homo sapiens,,2022-02-05,SAMEA113368211,PRJEB37886
OY687647,Severe acute respiratory syndrome coronavirus 2,,,"Yourgene Health, Citylabs 1.0, Nelson Street, Manchester, M13 9NQ",,2023-08-03,B.1.1.529,4.3.1/1.26/v0.1.12/0.3.19/0.6.2,,,Severe acute respiratory syndrome-related coronavirus,Betacoronavirus,Coronaviridae,ssRNA(+),29773,GenBank,complete,,,,United Kingdom:England,United Kingdom,,Homo sapiens,,2022-02-05,SAMEA113368428,PRJEB37886
OY688131,Severe acute respiratory syndrome coronavirus 2,,,"Yourgene Health, Citylabs 1.0, Nelson Street, Manchester, M13 9NQ",,2023-08-03,B.1.1.529,4.3.1/1.26/v0.1.12/0.3.19/0.6.2,,,Severe acute respiratory syndrome-related coronavirus,Betacoronavirus,Coronaviridae,ssRNA(+),29788,GenBank,complete,,,,United Kingdom:Scotland,United Kingdom,,Homo sapiens,,2021-12-27,SAMEA113370827,PRJEB37886
OY688660,Severe acute respiratory syndrome coronavirus 2,,,"Yourgene Health, Citylabs 1.0, Nelson Street, Manchester, M13 9NQ",,2023-08-03,B.1.1.529,4.3.1/1.26/v0.1.12/0.3.19/0.6.2,,,Severe acute respiratory syndrome-related coronavirus,Betacoronavirus,Coronaviridae,ssRNA(+),29795,GenBank,complete,,,,United Kingdom:England,United Kingdom,,Homo sapiens,,2022-02-03,SAMEA113370024,PRJEB37886
OY688961,Severe acute respiratory syndrome coronavirus 2,,,"Yourgene Health, Citylabs 1.0, Nelson Street, Manchester, M13 9NQ",,2023-08-03,B.1.1.529,4.3.1/1.26/v0.1.12/0.3.19/0.6.2,,,Severe acute respiratory syndrome-related coronavirus,Betacoronavirus,Coronaviridae,ssRNA(+),29809,GenBank,complete,,,,United Kingdom:England,United Kingdom,,Homo sapiens,,2022-01-08,SAMEA113371110,PRJEB37886
OY689021,Severe acute respiratory syndrome coronavirus 2,,,"Yourgene Health, Citylabs 1.0, Nelson Street, Manchester, M13 9NQ",,2023-08-03,B.1.1.529,4.3.1/1.26/v0.1.12/0.3.19/0.6.2,,,Severe acute respiratory syndrome-related coronavirus,Betacoronavirus,Coronaviridae,ssRNA(+),29773,GenBank,complete,,,,United Kingdom:England,United Kingdom,,Homo sapiens,,2022-01-20,SAMEA113368695,PRJEB37886
OY689143,Severe acute respiratory syndrome coronavirus 2,,,"Yourgene Health, Citylabs 1.0, Nelson Street, Manchester, M13 9NQ",,2023-08-03,B.1.1.529,4.3.1/1.26/v0.1.12/0.3.19/0.6.2,,,Severe acute respiratory syndrome-related coronavirus,Betacoronavirus,Coronaviridae,ssRNA(+),29797,GenBank,complete,,,,United Kingdom:England,United Kingdom,,Homo sapiens,,2022-02-03,SAMEA113373988,PRJEB37886
