B.1.1.7,Severe acute respiratory syndrome-related coronavirus,Betacoronavirus,Coronaviridae,Alpha
B.1.1.7,Severe acute respiratory syndrome-related coronavirus,Betacoronavirus,Coronaviridae,Alpha
B.1.1.7,Severe acute respiratory syndrome-related coronavirus,Betacoronavirus,Coronaviridae,Alpha
B.1.1.7,Severe acute respiratory syndrome-related coronavirus,Betacoronavirus,Coronaviridae,Alpha
B.1.1.7,Severe acute respiratory syndrome-related coronavirus,Betacoronavirus,Coronaviridae,Alpha
B.1.1.7,Severe acute respiratory syndrome-related coronavirus,Betacoronavirus,Coronaviridae,Alpha
B.1.1.7,Severe acute respiratory syndrome-related coronavirus,Betacoronavirus,Coronaviridae,Alpha
B.1.1.7,Severe acute respiratory syndrome-related coronavirus,Betacoronavirus,Coronaviridae,Alpha
B.1.1.7,Severe acute respiratory syndrome-related coronavirus,Betacoronavirus,Coronaviridae,Alpha
B.1.1.7,Severe acute respiratory syndrome-related coronavirus,Betacoronavirus,Coronaviridae,Alpha
B.1.1.7,Severe acute respiratory syndrome-related coronavirus,Betacoronavirus,Coronaviridae,Alpha
B.1.1.7,Severe acute respiratory syndrome-related coronavirus,Betacoronavirus,Coronaviridae,Alpha
B.1.1.7,Severe acute respiratory syndrome-related coronavirus,Betacoronavirus,Coronaviridae,Alpha
B.1.1.7,Severe acute respiratory syndrome-related coronavirus,Betacoronavirus,Coronaviridae,Alpha
B.1.1.7,Severe acute respiratory syndrome-related coronavirus,Betacoronavirus,Coronaviridae,Alpha
B.1.1.7,Severe acute respiratory syndrome-related coronavirus,Betacoronavirus,Coronaviridae,Alpha
B.1.1.7,Severe acute respiratory syndrome-related coronavirus,Betacoronavirus,Coronaviridae,Alpha
B.1.1.7,Severe acute respiratory syndrome-related coronavirus,Betacoronavirus,Coronaviridae,Alpha
B.1.1.7,Severe acute respiratory syndrome-related coronavirus,Betacoronavirus,Coronaviridae,Alpha
B.1.1.7,Severe acute respiratory syndrome-related coronavirus,Betacoronavirus,Coronaviridae,Alpha
B.1.1.7,Severe acute respiratory syndrome-related coronavirus,Betacoronavirus,Coronaviridae,Alpha
B.1.1.7,Severe acute respiratory syndrome-related coronavirus,Betacoronavirus,Coronaviridae,Alpha
B.1.1.7,Severe acute respiratory syndrome-related coronavirus,Betacoronavirus,Coronaviridae,Alpha
B.1.1.7,Severe acute respiratory syndrome-related coronavirus,Betacoronavirus,Coronaviridae,Alpha
B.1.1.7,Severe acute respiratory syndrome-related coronavirus,Betacoronavirus,Coronaviridae,Alpha
B.1.1.7,Severe acute respiratory syndrome-related coronavirus,Betacoronavirus,Coronaviridae,Alpha
B.1.1.7,Severe acute respiratory syndrome-related coronavirus,Betacoronavirus,Coronaviridae,Alpha
B.1.1.7,Severe acute respiratory syndrome-related coronavirus,Betacoronavirus,Coronaviridae,Alpha
B.1.1.7,Severe acute respiratory syndrome-related coronavirus,Betacoronavirus,Coronaviridae,Alpha
B.1.1.7,Severe acute respiratory syndrome-related coronavirus,Betacoronavirus,Coronaviridae,Alpha
B.1.1.7,Severe acute respiratory syndrome-related coronavirus,Betacoronavirus,Coronaviridae,Alpha
B.1.1.7,Severe acute respiratory syndrome-related coronavirus,Betacoronavirus,Coronaviridae,Alpha
B.1.1.7,Severe acute respiratory syndrome-related coronavirus,Betacoronavirus,Coronaviridae,Alpha
B.1.1.7,Severe acute respiratory syndrome-related coronavirus,Betacoronavirus,Coronaviridae,Alpha
B.1.1.7,Severe acute respiratory syndrome-related coronavirus,Betacoronavirus,Coronaviridae,Alpha
B.1.1.7,Severe acute respiratory syndrome-related coronavirus,Betacoronavirus,Coronaviridae,Alpha
B.1.1.7,Severe acute respiratory syndrome-related coronavirus,Betacoronavirus,Coronaviridae,Alpha
B.1.1.7,Severe acute respiratory syndrome-related coronavirus,Betacoronavirus,Coronaviridae,Alpha
B.1.1.7,Severe acute respiratory syndrome-related coronavirus,Betacoronavirus,Coronaviridae,Alpha
B.1.1.7,Severe acute respiratory syndrome-related coronavirus,Betacoronavirus,Coronaviridae,Alpha
B.1.1.7,Severe acute respiratory syndrome-related coronavirus,Betacoronavirus,Coronaviridae,Alpha
B.1.1.7,Severe acute respiratory syndrome-related coronavirus,Betacoronavirus,Coronaviridae,Alpha
B.1.1.7,Severe acute respiratory syndrome-related coronavirus,Betacoronavirus,Coronaviridae,Alpha
B.1.1.7,Severe acute respiratory syndrome-related coronavirus,Betacoronavirus,Coronaviridae,Alpha
B.1.1.7,Severe acute respiratory syndrome-related coronavirus,Betacoronavirus,Coronaviridae,Alpha
B.1.1.7,Severe acute respiratory syndrome-related coronavirus,Betacoronavirus,Coronaviridae,Alpha
B.1.1.7,Severe acute respiratory syndrome-related coronavirus,Betacoronavirus,Coronaviridae,Alpha
B.1.1.7,Severe acute respiratory syndrome-related coronavirus,Betacoronavirus,Coronaviridae,Alpha
B.1.351,Severe acute respiratory syndrome-related coronavirus,Betacoronavirus,Coronaviridae,Beta
B.1.351,Severe acute respiratory syndrome-related coronavirus,Betacoronavirus,Coronaviridae,Beta
B.1.351,Severe acute respiratory syndrome-related coronavirus,Betacoronavirus,Coronaviridae,Beta
B.1.351,Severe acute respiratory syndrome-related coronavirus,Betacoronavirus,Coronaviridae,Beta
B.1.351,Severe acute respiratory syndrome-related coronavirus,Betacoronavirus,Coronaviridae,Beta
B.1.351,Severe acute respiratory syndrome-related coronavirus,Betacoronavirus,Coronaviridae,Beta
B.1.351,Severe acute respiratory syndrome-related coronavirus,Betacoronavirus,Coronaviridae,Beta
B.1.351,Severe acute respiratory syndrome-related coronavirus,Betacoronavirus,Coronaviridae,Beta
B.1.351,Severe acute respiratory syndrome-related coronavirus,Betacoronavirus,Coronaviridae,Beta
B.1.351,Severe acute respiratory syndrome-related coronavirus,Betacoronavirus,Coronaviridae,Beta
B.1.351,Severe acute respiratory syndrome-related coronavirus,Betacoronavirus,Coronaviridae,Beta
B.1.351,Severe acute respiratory syndrome-related coronavirus,Betacoronavirus,Coronaviridae,Beta
B.1.351,Severe acute respiratory syndrome-related coronavirus,Betacoronavirus,Coronaviridae,Beta
B.1.351,Severe acute respiratory syndrome-related coronavirus,Betacoronavirus,Coronaviridae,Beta
B.1.351,Severe acute respiratory syndrome-related coronavirus,Betacoronavirus,Coronaviridae,Beta
B.1.351,Severe acute respiratory syndrome-related coronavirus,Betacoronavirus,Coronaviridae,Beta
B.1.351,Severe acute respiratory syndrome-related coronavirus,Betacoronavirus,Coronaviridae,Beta
B.1.351,Severe acute respiratory syndrome-related coronavirus,Betacoronavirus,Coronaviridae,Beta
B.1.351,Severe acute respiratory syndrome-related coronavirus,Betacoronavirus,Coronaviridae,Beta
B.1.351,Severe acute respiratory syndrome-related coronavirus,Betacoronavirus,Coronaviridae,Beta
B.1.351,Severe acute respiratory syndrome-related coronavirus,Betacoronavirus,Coronaviridae,Beta
B.1.351,Severe acute respiratory syndrome-related coronavirus,Betacoronavirus,Coronaviridae,Beta
B.1.351,Severe acute respiratory syndrome-related coronavirus,Betacoronavirus,Coronaviridae,Beta
B.1.351,Severe acute respiratory syndrome-related coronavirus,Betacoronavirus,Coronaviridae,Beta
B.1.351,Severe acute respiratory syndrome-related coronavirus,Betacoronavirus,Coronaviridae,Beta
B.1.351,Severe acute respiratory syndrome-related coronavirus,Betacoronavirus,Coronaviridae,Beta
B.1.351,Severe acute respiratory syndrome-related coronavirus,Betacoronavirus,Coronaviridae,Beta
B.1.351,Severe acute respiratory syndrome-related coronavirus,Betacoronavirus,Coronaviridae,Beta
B.1.351,Severe acute respiratory syndrome-related coronavirus,Betacoronavirus,Coronaviridae,Beta
B.1.351,Severe acute respiratory syndrome-related coronavirus,Betacoronavirus,Coronaviridae,Beta
B.1.351,Severe acute respiratory syndrome-related coronavirus,Betacoronavirus,Coronaviridae,Beta
B.1.351,Severe acute respiratory syndrome-related coronavirus,Betacoronavirus,Coronaviridae,Beta
B.1.351,Severe acute respiratory syndrome-related coronavirus,Betacoronavirus,Coronaviridae,Beta
B.1.351,Severe acute respiratory syndrome-related coronavirus,Betacoronavirus,Coronaviridae,Beta
B.1.351,Severe acute respiratory syndrome-related coronavirus,Betacoronavirus,Coronaviridae,Beta
B.1.351,Severe acute respiratory syndrome-related coronavirus,Betacoronavirus,Coronaviridae,Beta
B.1.351,Severe acute respiratory syndrome-related coronavirus,Betacoronavirus,Coronaviridae,Beta
B.1.351,Severe acute respiratory syndrome-related coronavirus,Betacoronavirus,Coronaviridae,Beta
B.1.351,Severe acute respiratory syndrome-related coronavirus,Betacoronavirus,Coronaviridae,Beta
B.1.351,Severe acute respiratory syndrome-related coronavirus,Betacoronavirus,Coronaviridae,Beta
B.1.351,Severe acute respiratory syndrome-related coronavirus,Betacoronavirus,Coronaviridae,Beta
B.1.351,Severe acute respiratory syndrome-related coronavirus,Betacoronavirus,Coronaviridae,Beta
B.1.351,Severe acute respiratory syndrome-related coronavirus,Betacoronavirus,Coronaviridae,Beta
B.1.351,Severe acute respiratory syndrome-related coronavirus,Betacoronavirus,Coronaviridae,Beta
B.1.351,Severe acute respiratory syndrome-related coronavirus,Betacoronavirus,Coronaviridae,Beta
B.1.351,Severe acute respiratory syndrome-related coronavirus,Betacoronavirus,Coronaviridae,Beta
B.1.351,Severe acute respiratory syndrome-related coronavirus,Betacoronavirus,Coronaviridae,Beta
B.1.351,Severe acute respiratory syndrome-related coronavirus,Betacoronavirus,Coronaviridae,Beta
B.1.351,Severe acute respiratory syndrome-related coronavirus,Betacoronavirus,Coronaviridae,Beta
B.1.617.2,Severe acute respiratory syndrome-related coronavirus,Betacoronavirus,Coronaviridae,Delta
B.1.617.2,Severe acute respiratory syndrome-related coronavirus,Betacoronavirus,Coronaviridae,Delta
B.1.617.2,Severe acute respiratory syndrome-related coronavirus,Betacoronavirus,Coronaviridae,Delta
B.1.617.2,Severe acute respiratory syndrome-related coronavirus,Betacoronavirus,Coronaviridae,Delta
B.1.617.2,Severe acute respiratory syndrome-related coronavirus,Betacoronavirus,Coronaviridae,Delta
B.1.617.2,Severe acute respiratory syndrome-related coronavirus,Betacoronavirus,Coronaviridae,Delta
B.1.617.2,Severe acute respiratory syndrome-related coronavirus,Betacoronavirus,Coronaviridae,Delta
B.1.617.2,Severe acute respiratory syndrome-related coronavirus,Betacoronavirus,Coronaviridae,Delta
B.1.617.2,Severe acute respiratory syndrome-related coronavirus,Betacoronavirus,Coronaviridae,Delta
B.1.617.2,Severe acute respiratory syndrome-related coronavirus,Betacoronavirus,Coronaviridae,Delta
B.1.617.2,Severe acute respiratory syndrome-related coronavirus,Betacoronavirus,Coronaviridae,Delta
B.1.617.2,Severe acute respiratory syndrome-related coronavirus,Betacoronavirus,Coronaviridae,Delta
B.1.617.2,Severe acute respiratory syndrome-related coronavirus,Betacoronavirus,Coronaviridae,Delta
B.1.617.2,Severe acute respiratory syndrome-related coronavirus,Betacoronavirus,Coronaviridae,Delta
B.1.617.2,Severe acute respiratory syndrome-related coronavirus,Betacoronavirus,Coronaviridae,Delta
B.1.617.2,Severe acute respiratory syndrome-related coronavirus,Betacoronavirus,Coronaviridae,Delta
B.1.617.2,Severe acute respiratory syndrome-related coronavirus,Betacoronavirus,Coronaviridae,Delta
B.1.617.2,Severe acute respiratory syndrome-related coronavirus,Betacoronavirus,Coronaviridae,Delta
B.1.617.2,Severe acute respiratory syndrome-related coronavirus,Betacoronavirus,Coronaviridae,Delta
B.1.617.2,Severe acute respiratory syndrome-related coronavirus,Betacoronavirus,Coronaviridae,Delta
B.1.617.2,Severe acute respiratory syndrome-related coronavirus,Betacoronavirus,Coronaviridae,Delta
B.1.617.2,Severe acute respiratory syndrome-related coronavirus,Betacoronavirus,Coronaviridae,Delta
B.1.617.2,Severe acute respiratory syndrome-related coronavirus,Betacoronavirus,Coronaviridae,Delta
B.1.617.2,Severe acute respiratory syndrome-related coronavirus,Betacoronavirus,Coronaviridae,Delta
B.1.617.2,Severe acute respiratory syndrome-related coronavirus,Betacoronavirus,Coronaviridae,Delta
B.1.617.2,Severe acute respiratory syndrome-related coronavirus,Betacoronavirus,Coronaviridae,Delta
B.1.617.2,Severe acute respiratory syndrome-related coronavirus,Betacoronavirus,Coronaviridae,Delta
B.1.617.2,Severe acute respiratory syndrome-related coronavirus,Betacoronavirus,Coronaviridae,Delta
B.1.617.2,Severe acute respiratory syndrome-related coronavirus,Betacoronavirus,Coronaviridae,Delta
B.1.617.2,Severe acute respiratory syndrome-related coronavirus,Betacoronavirus,Coronaviridae,Delta
B.1.617.2,Severe acute respiratory syndrome-related coronavirus,Betacoronavirus,Coronaviridae,Delta
B.1.617.2,Severe acute respiratory syndrome-related coronavirus,Betacoronavirus,Coronaviridae,Delta
B.1.617.2,Severe acute respiratory syndrome-related coronavirus,Betacoronavirus,Coronaviridae,Delta
B.1.617.2,Severe acute respiratory syndrome-related coronavirus,Betacoronavirus,Coronaviridae,Delta
B.1.617.2,Severe acute respiratory syndrome-related coronavirus,Betacoronavirus,Coronaviridae,Delta
B.1.617.2,Severe acute respiratory syndrome-related coronavirus,Betacoronavirus,Coronaviridae,Delta
B.1.617.2,Severe acute respiratory syndrome-related coronavirus,Betacoronavirus,Coronaviridae,Delta
B.1.617.2,Severe acute respiratory syndrome-related coronavirus,Betacoronavirus,Coronaviridae,Delta
B.1.617.2,Severe acute respiratory syndrome-related coronavirus,Betacoronavirus,Coronaviridae,Delta
B.1.617.2,Severe acute respiratory syndrome-related coronavirus,Betacoronavirus,Coronaviridae,Delta
B.1.617.2,Severe acute respiratory syndrome-related coronavirus,Betacoronavirus,Coronaviridae,Delta
B.1.617.2,Severe acute respiratory syndrome-related coronavirus,Betacoronavirus,Coronaviridae,Delta
B.1.617.2,Severe acute respiratory syndrome-related coronavirus,Betacoronavirus,Coronaviridae,Delta
B.1.617.2,Severe acute respiratory syndrome-related coronavirus,Betacoronavirus,Coronaviridae,Delta
B.1.617.2,Severe acute respiratory syndrome-related coronavirus,Betacoronavirus,Coronaviridae,Delta
B.1.617.2,Severe acute respiratory syndrome-related coronavirus,Betacoronavirus,Coronaviridae,Delta
B.1.617.2,Severe acute respiratory syndrome-related coronavirus,Betacoronavirus,Coronaviridae,Delta
B.1.617.2,Severe acute respiratory syndrome-related coronavirus,Betacoronavirus,Coronaviridae,Delta
B.1.617.2,Severe acute respiratory syndrome-related coronavirus,Betacoronavirus,Coronaviridae,Delta
B.1.617.2,Severe acute respiratory syndrome-related coronavirus,Betacoronavirus,Coronaviridae,Delta
B.1.1.529,Severe acute respiratory syndrome-related coronavirus,Betacoronavirus,Coronaviridae,Omicron
B.1.1.529,Severe acute respiratory syndrome-related coronavirus,Betacoronavirus,Coronaviridae,Omicron
B.1.1.529,Severe acute respiratory syndrome-related coronavirus,Betacoronavirus,Coronaviridae,Omicron
B.1.1.529,Severe acute respiratory syndrome-related coronavirus,Betacoronavirus,Coronaviridae,Omicron
B.1.1.529,Severe acute respiratory syndrome-related coronavirus,Betacoronavirus,Coronaviridae,Omicron
B.1.1.529,Severe acute respiratory syndrome-related coronavirus,Betacoronavirus,Coronaviridae,Omicron
B.1.1.529,Severe acute respiratory syndrome-related coronavirus,Betacoronavirus,Coronaviridae,Omicron
B.1.1.529,Severe acute respiratory syndrome-related coronavirus,Betacoronavirus,Coronaviridae,Omicron
B.1.1.529,Severe acute respiratory syndrome-related coronavirus,Betacoronavirus,Coronaviridae,Omicron
B.1.1.529,Severe acute respiratory syndrome-related coronavirus,Betacoronavirus,Coronaviridae,Omicron
B.1.1.529,Severe acute respiratory syndrome-related coronavirus,Betacoronavirus,Coronaviridae,Omicron
B.1.1.529,Severe acute respiratory syndrome-related coronavirus,Betacoronavirus,Coronaviridae,Omicron
B.1.1.529,Severe acute respiratory syndrome-related coronavirus,Betacoronavirus,Coronaviridae,Omicron
B.1.1.529,Severe acute respiratory syndrome-related coronavirus,Betacoronavirus,Coronaviridae,Omicron
B.1.1.529,Severe acute respiratory syndrome-related coronavirus,Betacoronavirus,Coronaviridae,Omicron
B.1.1.529,Severe acute respiratory syndrome-related coronavirus,Betacoronavirus,Coronaviridae,Omicron
B.1.1.529,Severe acute respiratory syndrome-related coronavirus,Betacoronavirus,Coronaviridae,Omicron
B.1.1.529,Severe acute respiratory syndrome-related coronavirus,Betacoronavirus,Coronaviridae,Omicron
B.1.1.529,Severe acute respiratory syndrome-related coronavirus,Betacoronavirus,Coronaviridae,Omicron
B.1.1.529,Severe acute respiratory syndrome-related coronavirus,Betacoronavirus,Coronaviridae,Omicron
B.1.1.529,Severe acute respiratory syndrome-related coronavirus,Betacoronavirus,Coronaviridae,Omicron
B.1.1.529,Severe acute respiratory syndrome-related coronavirus,Betacoronavirus,Coronaviridae,Omicron
B.1.1.529,Severe acute respiratory syndrome-related coronavirus,Betacoronavirus,Coronaviridae,Omicron
B.1.1.529,Severe acute respiratory syndrome-related coronavirus,Betacoronavirus,Coronaviridae,Omicron
B.1.1.529,Severe acute respiratory syndrome-related coronavirus,Betacoronavirus,Coronaviridae,Omicron
B.1.1.529,Severe acute respiratory syndrome-related coronavirus,Betacoronavirus,Coronaviridae,Omicron
B.1.1.529,Severe acute respiratory syndrome-related coronavirus,Betacoronavirus,Coronaviridae,Omicron
B.1.1.529,Severe acute respiratory syndrome-related coronavirus,Betacoronavirus,Coronaviridae,Omicron
B.1.1.529,Severe acute respiratory syndrome-related coronavirus,Betacoronavirus,Coronaviridae,Omicron
B.1.1.529,Severe acute respiratory syndrome-related coronavirus,Betacoronavirus,Coronaviridae,Omicron
B.1.1.529,Severe acute respiratory syndrome-related coronavirus,Betacoronavirus,Coronaviridae,Omicron
B.1.1.529,Severe acute respiratory syndrome-related coronavirus,Betacoronavirus,Coronaviridae,Omicron
B.1.1.529,Severe acute respiratory syndrome-related coronavirus,Betacoronavirus,Coronaviridae,Omicron
B.1.1.529,Severe acute respiratory syndrome-related coronavirus,Betacoronavirus,Coronaviridae,Omicron
B.1.1.529,Severe acute respiratory syndrome-related coronavirus,Betacoronavirus,Coronaviridae,Omicron
B.1.1.529,Severe acute respiratory syndrome-related coronavirus,Betacoronavirus,Coronaviridae,Omicron
B.1.1.529,Severe acute respiratory syndrome-related coronavirus,Betacoronavirus,Coronaviridae,Omicron
B.1.1.529,Severe acute respiratory syndrome-related coronavirus,Betacoronavirus,Coronaviridae,Omicron
B.1.1.529,Severe acute respiratory syndrome-related coronavirus,Betacoronavirus,Coronaviridae,Omicron
B.1.1.529,Severe acute respiratory syndrome-related coronavirus,Betacoronavirus,Coronaviridae,Omicron
B.1.1.529,Severe acute respiratory syndrome-related coronavirus,Betacoronavirus,Coronaviridae,Omicron
B.1.1.529,Severe acute respiratory syndrome-related coronavirus,Betacoronavirus,Coronaviridae,Omicron
B.1.1.529,Severe acute respiratory syndrome-related coronavirus,Betacoronavirus,Coronaviridae,Omicron
B.1.1.529,Severe acute respiratory syndrome-related coronavirus,Betacoronavirus,Coronaviridae,Omicron
B.1.1.529,Severe acute respiratory syndrome-related coronavirus,Betacoronavirus,Coronaviridae,Omicron
B.1.1.529,Severe acute respiratory syndrome-related coronavirus,Betacoronavirus,Coronaviridae,Omicron
B.1.1.529,Severe acute respiratory syndrome-related coronavirus,Betacoronavirus,Coronaviridae,Omicron
B.1.1.529,Severe acute respiratory syndrome-related coronavirus,Betacoronavirus,Coronaviridae,Omicron
B.1.1.529,Severe acute respiratory syndrome-related coronavirus,Betacoronavirus,Coronaviridae,Omicron
B.1.1.529,Severe acute respiratory syndrome-related coronavirus,Betacoronavirus,Coronaviridae,Omicron
AY.8,Severe acute respiratory syndrome-related coronavirus,Betacoronavirus,Coronaviridae,Delta
AY.98,Severe acute respiratory syndrome-related coronavirus,Betacoronavirus,Coronaviridae,Delta
AY.87,Severe acute respiratory syndrome-related coronavirus,Betacoronavirus,Coronaviridae,Delta
AY.9,Severe acute respiratory syndrome-related coronavirus,Betacoronavirus,Coronaviridae,Delta
AY.91,Severe acute respiratory syndrome-related coronavirus,Betacoronavirus,Coronaviridae,Delta
AY.77,Severe acute respiratory syndrome-related coronavirus,Betacoronavirus,Coronaviridae,Delta
B.1.617.2,Severe acute respiratory syndrome-related coronavirus,Betacoronavirus,Coronaviridae,Delta
AY.91.1,Severe acute respiratory syndrome-related coronavirus,Betacoronavirus,Coronaviridae,Delta
AY.75.3,Severe acute respiratory syndrome-related coronavirus,Betacoronavirus,Coronaviridae,Delta
AY.9,Severe acute respiratory syndrome-related coronavirus,Betacoronavirus,Coronaviridae,Delta
AY.74,Severe acute respiratory syndrome-related coronavirus,Betacoronavirus,Coronaviridae,Delta
AY.61,Severe acute respiratory syndrome-related coronavirus,Betacoronavirus,Coronaviridae,Delta
B.1.617.2,Severe acute respiratory syndrome-related coronavirus,Betacoronavirus,Coronaviridae,Delta
B.1.617.2,Severe acute respiratory syndrome-related coronavirus,Betacoronavirus,Coronaviridae,Delta
B.1.617.2,Severe acute respiratory syndrome-related coronavirus,Betacoronavirus,Coronaviridae,Delta
AY.69,Severe acute respiratory syndrome-related coronavirus,Betacoronavirus,Coronaviridae,Delta
B.1.617.2,Severe acute respiratory syndrome-related coronavirus,Betacoronavirus,Coronaviridae,Delta
AY.90,Severe acute respiratory syndrome-related coronavirus,Betacoronavirus,Coronaviridae,Delta
AY.88,Severe acute respiratory syndrome-related coronavirus,Betacoronavirus,Coronaviridae,Delta
B.1.617.2,Severe acute respiratory syndrome-related coronavirus,Betacoronavirus,Coronaviridae,Delta
AY.85,Severe acute respiratory syndrome-related coronavirus,Betacoronavirus,Coronaviridae,Delta
AY.84,Severe acute respiratory syndrome-related coronavirus,Betacoronavirus,Coronaviridae,Delta
AY.64,Severe acute respiratory syndrome-related coronavirus,Betacoronavirus,Coronaviridae,Delta
AY.7,Severe acute respiratory syndrome-related coronavirus,Betacoronavirus,Coronaviridae,Delta
AY.95,Severe acute respiratory syndrome-related coronavirus,Betacoronavirus,Coronaviridae,Delta
AY.3,Severe acute respiratory syndrome-related coronavirus,Betacoronavirus,Coronaviridae,Delta
B.1.617.3,Severe acute respiratory syndrome-related coronavirus,Betacoronavirus,Coronaviridae,B.1.617.3-like
Q.3,Severe acute respiratory syndrome-related coronavirus,Betacoronavirus,Coronaviridae,Alpha
B.1.429.1,Severe acute respiratory syndrome-related coronavirus,Betacoronavirus,Coronaviridae,Epsilon
B.1.351,Severe acute respiratory syndrome-related coronavirus,Betacoronavirus,Coronaviridae,Beta
Q.2,Severe acute respiratory syndrome-related coronavirus,Betacoronavirus,Coronaviridae,Alpha
B.1.429,Severe acute respiratory syndrome-related coronavirus,Betacoronavirus,Coronaviridae,Epsilon
B.1.1.7,Severe acute respiratory syndrome-related coronavirus,Betacoronavirus,Coronaviridae,Alpha
B.1.621,Severe acute respiratory syndrome-related coronavirus,Betacoronavirus,Coronaviridae,Mu
B.1.617.1,Severe acute respiratory syndrome-related coronavirus,Betacoronavirus,Coronaviridae,B.1.617.1-like
B.1.621,Severe acute respiratory syndrome-related coronavirus,Betacoronavirus,Coronaviridae,Mu
B.1.1.7,Severe acute respiratory syndrome-related coronavirus,Betacoronavirus,Coronaviridae,Alpha
Q.4,Severe acute respiratory syndrome-related coronavirus,Betacoronavirus,Coronaviridae,Alpha
Q.6,Severe acute respiratory syndrome-related coronavirus,Betacoronavirus,Coronaviridae,Alpha
B.1.621.1,Severe acute respiratory syndrome-related coronavirus,Betacoronavirus,Coronaviridae,Mu
B.1.1.7,Severe acute respiratory syndrome-related coronavirus,Betacoronavirus,Coronaviridae,Alpha
BA.2,Severe acute respiratory syndrome-related coronavirus,Betacoronavirus,Coronaviridae,Omicron
AY.99.2,Severe acute respiratory syndrome-related coronavirus,Betacoronavirus,Coronaviridae,Delta
BA.1,Severe acute respiratory syndrome-related coronavirus,Betacoronavirus,Coronaviridae,Omicron
B.1.621,Severe acute respiratory syndrome-related coronavirus,Betacoronavirus,Coronaviridae,Mu
BA.2,Severe acute respiratory syndrome-related coronavirus,Betacoronavirus,Coronaviridae,Omicron
Q.8,Severe acute respiratory syndrome-related coronavirus,Betacoronavirus,Coronaviridae,Alpha
B.1.1.7,Severe acute respiratory syndrome-related coronavirus,Betacoronavirus,Coronaviridae,Alpha
B.1.525,Severe acute respiratory syndrome-related coronavirus,Betacoronavirus,Coronaviridae,Eta
B.1.617.2,Severe acute respiratory syndrome-related coronavirus,Betacoronavirus,Coronaviridae,Delta
AY.92,Severe acute respiratory syndrome-related coronavirus,Betacoronavirus,Coronaviridae,Delta
AY.63,Severe acute respiratory syndrome-related coronavirus,Betacoronavirus,Coronaviridae,Delta
B,Severe acute respiratory syndrome-related coronavirus,Betacoronavirus,Coronaviridae,Wuhan
B,Severe acute respiratory syndrome-related coronavirus,Betacoronavirus,Coronaviridae,Wuhan
